age,activity_level,joint_injury,family_history,pain_score,stiffness_score,mobility_score,walking_difficulty,stair_difficulty,standing_difficulty,knee_bending_difficulty,pain_increase_activity,left_knee_rom,right_knee_rom,knee_symmetry,average_knee_angle,gait_symmetry,movement_consistency,posture_score,hip_movement,ankle_movement,movement_smoothness,risk_level
61,1,0,0,5.0,1,8.5,1,1,0,1,1,122.3,129.5,94.4,125.9,90.2,82.1,95.6,38.9,30.6,87.4,0
53,0,1,0,4.9,1,5.2,2,2,1,2,2,115.4,137.3,84.0,126.4,75.7,85.6,78.7,38.9,30.7,85.0,2
63,1,1,0,3.9,0,6.1,2,2,2,2,2,121.4,127.9,94.9,124.6,82.4,80.9,75.3,39.9,31.5,78.9,1
74,0,0,0,4.5,1,5.2,2,2,1,3,1,119.3,113.9,95.5,116.6,79.0,81.4,78.6,31.4,31.4,69.0,2
51,2,0,0,2.5,0,4.8,0,1,2,1,2,119.0,124.6,95.5,121.8,84.1,88.6,83.7,43.9,33.7,85.3,1
51,3,1,0,2.3,1,7.6,1,1,1,1,0,124.8,143.0,87.3,133.9,85.8,82.5,83.5,36.9,29.2,86.6,1
75,0,0,1,5.2,2,3.1,2,2,1,2,3,105.7,110.6,95.6,108.2,73.2,78.2,69.4,31.7,25.8,70.6,2
64,3,0,1,1.0,1,8.7,2,1,1,2,1,124.7,130.8,95.3,127.8,84.9,80.3,82.7,31.0,29.0,78.6,1
48,1,0,0,0.8,0,6.7,1,1,0,2,1,131.1,126.0,96.1,128.6,83.0,88.7,86.8,42.0,31.2,89.8,1
62,1,0,0,2.3,0,6.4,0,1,1,1,1,127.0,116.1,91.4,121.6,86.9,82.7,70.7,34.6,29.2,74.6,1
48,0,1,1,6.2,3,2.8,3,2,3,3,2,98.5,99.0,99.5,98.8,61.1,76.7,69.2,32.2,25.8,74.2,2
48,1,1,1,5.0,2,3.6,2,2,1,2,3,110.4,124.8,88.5,117.6,80.7,81.9,72.1,37.5,25.0,72.4,2
58,2,0,0,5.7,2,7.5,1,3,3,2,2,111.4,114.7,97.1,113.0,71.5,80.4,75.7,37.5,30.7,80.7,2
30,2,0,0,0.0,0,10.0,0,0,0,0,0,146.1,144.6,99.0,145.4,89.7,91.5,90.2,43.1,32.6,98.9,0
32,0,1,0,1.1,1,6.1,1,1,0,0,1,128.1,120.0,93.7,124.0,89.5,85.2,88.9,36.6,29.7,82.4,0
47,0,0,0,3.4,1,9.1,1,1,0,1,1,120.1,130.1,92.3,125.1,90.3,71.0,82.1,41.2,33.6,81.3,0
41,1,0,0,0.5,0,10.0,0,0,1,1,1,136.5,137.4,99.3,137.0,100.0,87.2,88.6,46.8,36.2,99.9,0
59,1,1,0,3.8,1,6.3,2,2,1,1,1,125.7,108.0,85.9,116.8,84.7,86.7,80.7,41.5,30.1,82.5,1
43,0,0,0,3.3,1,8.6,1,0,1,0,0,134.4,136.8,98.2,135.6,89.9,92.7,84.6,48.1,35.4,91.0,0
36,1,0,0,0.0,0,8.8,0,0,0,0,0,133.2,133.4,99.9,133.3,93.4,86.1,80.7,41.8,36.0,96.1,0
74,2,0,0,1.9,1,9.5,1,1,1,0,1,124.9,126.3,98.9,125.6,94.9,86.1,83.7,37.2,36.8,81.6,0
52,3,1,0,3.3,1,5.2,0,2,2,1,1,113.6,108.9,95.9,111.2,93.0,79.1,78.1,39.2,31.6,85.1,2
55,1,0,0,0.0,0,7.8,1,1,1,1,1,127.1,130.7,97.2,128.9,86.8,89.3,81.5,42.2,36.6,90.3,0
36,3,0,0,0.3,0,8.5,0,0,1,1,0,131.5,132.5,99.2,132.0,95.4,100.0,87.2,43.9,34.3,99.2,0
47,1,0,0,3.4,1,5.5,2,2,1,2,1,131.2,126.9,96.7,129.0,84.5,87.1,64.8,38.0,34.8,91.7,1
56,1,0,1,3.6,2,8.6,1,2,1,0,3,116.7,114.9,98.5,115.8,82.2,78.3,84.7,31.2,34.0,82.6,1
40,0,0,0,2.3,0,6.7,1,0,0,0,1,131.2,133.4,98.4,132.3,97.8,86.1,88.5,38.9,32.2,91.5,0
59,1,0,1,3.7,1,5.6,1,1,2,1,2,116.7,111.3,95.4,114.0,74.1,85.3,68.3,38.9,27.3,78.8,2
47,3,0,1,0.5,0,6.6,1,1,1,0,1,139.0,134.3,96.6,136.6,78.7,81.1,82.4,43.7,32.0,90.3,0
51,1,0,0,1.5,0,8.9,0,0,0,0,0,145.3,146.8,99.0,146.0,95.8,88.2,96.5,47.5,35.7,87.6,0
47,1,1,0,3.3,2,6.1,2,2,2,1,0,122.1,105.0,86.0,113.6,85.8,82.7,70.2,38.8,26.5,78.4,2
79,1,0,0,3.9,1,5.0,1,2,1,1,2,121.0,126.3,95.8,123.6,81.5,86.2,79.0,40.3,28.5,71.2,2
54,0,1,1,7.3,3,2.9,3,3,3,4,2,92.2,117.4,78.5,104.8,68.8,70.9,61.1,33.7,27.4,66.1,2
41,2,0,1,4.3,1,6.4,1,1,2,1,0,117.4,117.1,99.7,117.2,87.6,79.5,81.7,39.8,32.5,90.0,1
65,1,1,1,7.4,3,4.3,2,3,3,2,3,97.9,98.6,99.3,98.2,69.9,73.1,66.7,33.0,19.7,73.6,2
39,1,0,0,0.0,1,9.5,1,1,1,1,0,136.8,125.2,91.5,131.0,92.4,89.6,83.7,33.7,29.7,89.5,0
57,1,0,0,1.3,1,6.4,0,1,0,2,1,125.9,125.3,99.5,125.6,87.6,85.3,82.7,38.3,36.7,83.5,1
29,1,1,0,4.6,2,5.6,1,2,1,2,3,122.0,125.6,97.1,123.8,69.2,78.0,72.8,35.6,32.0,76.1,2
37,0,0,0,0.0,1,9.6,1,0,1,0,0,145.5,143.4,98.6,144.4,95.2,91.9,80.7,44.5,33.4,89.0,0
57,2,0,0,1.8,1,7.8,1,1,1,1,0,122.4,121.9,99.6,122.2,78.0,79.8,76.9,37.9,27.9,89.4,1
64,0,0,0,5.6,0,5.0,2,1,2,2,2,113.9,113.6,99.7,113.8,76.6,89.1,68.0,39.2,25.2,69.1,2
57,2,0,1,3.8,2,6.1,3,1,2,2,1,119.0,116.2,97.6,117.6,78.1,80.6,68.7,35.5,31.0,72.5,2
53,2,0,0,3.1,2,6.2,0,1,1,1,1,120.4,116.3,96.6,118.4,88.0,84.5,80.6,42.5,35.5,87.0,1
51,2,0,0,2.0,2,8.4,0,1,1,0,0,129.7,133.1,97.4,131.4,91.3,86.8,84.6,39.8,38.0,90.4,0
35,1,0,0,0.9,1,9.5,0,0,1,1,1,139.7,127.5,91.3,133.6,92.2,91.9,87.1,40.8,29.2,89.4,0
45,1,0,1,4.8,2,6.9,2,1,1,2,2,121.8,111.8,91.8,116.8,81.2,74.7,80.8,36.9,29.5,82.9,1
49,0,0,1,1.2,1,8.2,1,0,1,2,1,128.6,117.9,91.7,123.2,92.3,76.6,86.5,39.7,29.9,96.5,0
68,2,0,0,2.2,1,8.6,0,0,0,0,1,126.1,138.4,91.1,132.2,80.7,86.5,86.2,45.6,33.0,88.3,0
59,1,0,0,3.0,2,7.8,1,1,0,0,1,135.1,131.1,97.0,133.1,84.3,97.1,79.4,41.1,29.4,89.6,0
32,1,0,0,0.4,1,8.0,1,1,1,0,1,123.6,128.1,96.5,125.8,94.3,92.0,86.3,40.7,31.0,97.5,0
59,1,0,1,4.1,1,4.0,2,2,1,2,1,116.9,114.1,97.6,115.5,75.0,72.9,74.7,34.3,26.3,76.8,2
49,0,0,0,3.6,1,8.3,1,1,1,0,1,128.5,134.3,95.7,131.4,74.3,86.2,91.8,39.5,32.6,93.2,1
46,1,0,0,3.6,1,4.3,1,1,1,1,1,123.5,121.1,98.1,122.3,92.6,80.7,81.1,41.1,30.1,74.3,1
62,0,1,0,4.2,2,5.0,2,2,1,3,3,116.4,107.8,92.6,112.1,82.7,79.3,75.7,36.0,27.6,71.5,2
68,2,1,0,4.4,2,5.6,3,3,2,3,3,111.7,91.8,82.2,101.8,78.2,77.4,70.8,34.9,28.8,71.4,2
67,1,0,1,5.1,1,4.0,1,2,1,1,2,115.6,114.1,98.7,114.8,78.8,82.6,74.9,40.2,33.0,81.1,2
44,0,0,0,3.3,0,7.8,1,2,1,1,2,128.1,121.8,95.1,125.0,95.0,77.2,82.3,41.9,37.2,95.0,0
50,1,1,0,2.3,2,5.3,2,2,1,2,0,120.2,132.9,90.4,126.6,87.4,73.9,75.0,34.9,31.0,77.8,2
59,0,1,0,3.7,3,4.2,2,2,2,3,3,112.3,94.3,84.0,103.3,83.0,75.0,72.7,35.4,27.5,80.2,2
67,1,0,0,2.6,1,8.0,1,1,2,1,1,126.4,120.2,95.1,123.3,88.8,78.7,84.2,38.8,34.7,96.0,1
48,2,1,1,6.1,3,4.3,2,2,2,2,2,101.9,96.5,94.7,99.2,73.8,68.1,67.8,36.2,29.9,81.2,2
52,0,0,0,1.2,1,5.9,0,1,1,0,1,130.3,129.2,99.2,129.8,86.9,88.2,88.6,42.4,35.0,86.2,0
40,2,0,1,2.5,0,6.7,1,1,1,0,1,131.2,123.2,93.9,127.2,81.5,81.4,86.9,45.0,28.4,91.5,0
39,0,0,1,3.0,1,6.7,2,1,1,1,2,118.9,118.9,100.0,118.9,82.5,90.7,71.8,35.7,32.5,81.5,2
65,0,0,0,0.8,1,7.1,1,1,2,1,2,129.0,127.7,99.0,128.4,86.3,79.6,74.5,38.9,31.6,79.7,1
72,2,0,0,1.9,1,9.0,1,1,2,0,1,130.4,134.9,96.7,132.6,84.1,82.9,83.8,37.5,29.4,87.4,1
54,1,0,0,2.9,1,8.4,1,1,2,2,1,118.4,123.4,95.9,120.9,86.7,84.0,76.6,39.5,29.2,80.9,1
68,0,0,1,3.8,2,5.1,1,3,2,2,3,115.5,107.7,93.2,111.6,77.1,70.8,69.8,32.7,30.5,79.2,2
59,1,1,0,2.8,2,8.1,2,2,2,2,2,115.4,94.8,82.1,105.1,83.6,81.3,84.1,38.5,22.9,72.2,2
46,1,1,0,2.8,2,5.0,2,2,2,2,3,113.5,122.4,92.7,118.0,72.3,78.3,68.3,36.2,28.0,67.9,2
59,2,0,0,2.7,0,5.3,2,1,1,0,2,121.3,121.9,99.5,121.6,76.8,79.4,70.5,39.3,28.6,80.3,1
74,1,1,1,8.3,3,1.5,3,3,3,3,2,101.0,118.7,85.1,109.8,64.3,68.5,58.9,33.4,22.2,67.6,2
54,2,1,0,4.6,1,3.9,1,2,1,1,2,121.8,115.8,95.1,118.8,85.8,82.9,78.9,39.4,28.9,75.7,1
75,2,0,0,4.9,2,7.4,1,1,2,1,1,125.9,108.3,86.0,117.1,74.4,86.7,76.7,34.1,25.8,82.6,2
20,1,0,0,0.0,0,10.0,0,1,0,0,0,141.4,136.2,96.3,138.8,100.0,100.0,99.4,43.3,37.6,94.2,0
65,3,0,0,0.2,1,7.2,1,1,1,0,1,127.4,127.2,99.8,127.3,81.5,82.2,81.3,42.3,27.7,92.2,0
56,1,1,1,4.1,2,5.7,0,2,1,2,1,116.4,102.2,87.8,109.3,79.4,73.4,77.9,37.2,30.1,85.1,2
51,3,0,0,3.3,1,6.9,1,1,2,1,1,128.2,125.1,97.6,126.6,77.3,83.6,85.9,39.3,29.0,90.6,1
56,0,0,1,3.7,2,5.2,2,2,1,1,3,111.0,121.7,91.2,116.4,68.6,70.4,74.4,43.6,35.1,84.4,1
29,2,0,0,0.0,0,7.1,0,0,0,1,0,128.3,134.5,95.4,131.4,94.3,93.1,91.2,44.1,34.1,90.2,0
52,1,0,0,0.5,0,7.9,1,2,1,1,0,132.1,128.0,96.9,130.0,88.6,87.9,75.8,43.5,27.7,89.7,0
59,1,0,0,2.9,1,6.3,1,2,2,0,2,128.9,119.7,92.9,124.3,76.4,84.1,88.1,33.5,32.1,94.6,1
74,1,0,0,3.2,1,6.3,1,2,1,1,1,131.9,112.9,85.6,122.4,81.4,81.2,84.8,42.0,28.2,88.5,1
48,2,0,0,1.3,0,9.1,0,0,0,1,0,135.4,141.6,95.6,138.5,94.9,91.3,84.5,52.5,36.6,92.2,0
44,0,1,0,4.2,1,6.9,1,2,2,0,2,122.8,101.5,82.7,112.2,76.9,80.7,79.2,41.3,30.5,77.8,2
48,0,1,0,3.2,1,6.4,2,2,1,1,1,124.1,108.3,87.3,116.2,82.7,83.5,86.2,38.3,34.5,80.3,1
66,2,0,0,1.8,1,7.9,0,1,0,0,0,120.8,133.3,90.6,127.0,86.1,79.4,77.2,48.6,32.9,81.5,0
59,2,1,0,2.9,1,8.1,0,0,1,1,0,127.4,135.5,94.0,131.4,83.4,85.6,79.0,41.0,33.9,94.3,0
48,3,0,1,1.9,0,8.5,2,0,2,1,0,127.1,124.1,97.6,125.6,85.6,95.9,90.9,42.9,32.8,90.3,0
61,2,0,0,2.4,1,6.6,1,1,2,1,0,132.3,127.3,96.2,129.8,82.7,85.5,81.9,39.9,30.2,79.0,1
56,3,0,0,0.0,0,9.5,0,0,1,1,0,139.2,138.6,99.6,138.9,90.8,92.3,91.8,43.9,37.5,92.9,0
67,2,1,0,3.1,1,7.0,1,2,1,2,1,115.0,134.1,85.8,124.6,77.9,89.7,79.3,32.6,27.5,89.0,1
45,1,1,1,5.4,2,3.5,2,1,2,3,3,102.7,118.3,86.8,110.5,73.6,71.8,76.5,38.1,27.7,73.3,2
50,0,0,1,3.6,2,7.5,2,2,1,2,1,120.8,130.1,92.9,125.4,78.6,85.3,80.4,37.9,28.7,77.4,1
49,2,1,0,5.2,2,6.1,1,1,2,2,3,97.5,118.5,82.3,108.0,70.3,73.1,72.7,35.3,30.0,77.5,2
35,1,0,1,5.5,2,4.7,2,1,1,2,2,113.0,113.9,99.2,113.4,82.3,83.5,64.3,38.0,26.6,81.7,2
58,0,0,0,2.3,0,7.7,1,0,2,0,1,129.9,136.1,95.4,133.0,93.2,89.3,85.9,40.0,31.0,84.2,0
58,1,0,0,2.1,1,7.4,1,1,2,1,2,117.7,111.0,94.3,114.4,84.0,80.7,83.5,40.6,31.0,80.6,1
55,3,0,1,4.4,1,5.4,2,2,2,2,0,125.4,119.7,95.5,122.6,81.1,78.7,70.7,41.9,33.5,82.8,2
51,1,0,1,1.6,1,7.0,1,1,1,1,1,129.8,120.0,92.4,124.9,79.6,86.8,73.1,40.5,29.3,77.0,1
36,1,1,0,0.8,1,7.7,1,0,1,1,1,122.8,133.7,91.8,128.2,92.6,76.2,85.5,40.9,31.2,84.0,0
49,1,0,1,3.7,2,4.7,2,2,1,1,1,118.8,121.2,98.0,120.0,90.3,78.5,78.6,38.3,26.7,80.7,1
50,0,0,0,2.7,1,7.8,1,2,0,0,1,133.5,134.3,99.4,133.9,85.5,87.8,72.2,41.5,29.4,89.5,0
44,1,0,1,1.6,1,5.6,1,1,1,1,2,123.8,118.3,95.6,121.0,81.2,81.0,75.6,37.2,31.9,81.3,1
52,1,0,0,2.0,2,8.0,1,2,1,1,0,117.7,113.2,96.2,115.4,87.1,84.6,82.7,41.1,31.5,87.7,1
60,0,1,0,3.3,2,5.0,1,2,1,1,1,116.7,111.0,95.1,113.8,80.1,68.7,79.1,39.7,29.4,85.1,2
79,2,0,0,1.6,1,7.3,1,1,1,1,0,122.8,125.7,97.7,124.2,84.2,80.7,79.4,41.3,36.3,83.6,0
57,1,0,0,3.3,1,8.5,1,1,1,2,1,132.9,128.9,97.0,130.9,87.9,87.4,80.5,39.2,27.3,100.0,1
58,2,1,0,4.7,3,6.0,1,2,2,2,1,120.4,108.2,89.9,114.3,83.6,74.7,70.8,36.5,34.9,85.9,2
54,2,0,0,0.9,0,7.5,0,1,0,0,0,132.7,139.1,95.4,135.9,87.3,82.3,93.1,45.2,36.6,91.8,0
30,0,0,0,1.6,1,6.4,1,1,0,1,1,128.7,128.6,99.9,128.6,99.3,90.2,83.1,37.7,31.1,85.1,0
54,2,0,0,0.0,0,8.4,0,0,1,0,1,129.3,141.9,91.1,135.6,85.4,92.9,84.9,41.6,35.3,89.4,0
55,1,0,0,3.2,0,8.1,1,1,0,0,2,125.3,129.1,97.1,127.2,83.7,80.6,77.7,36.8,30.7,95.6,0
87,2,0,0,3.7,1,6.7,2,1,1,1,1,131.3,108.2,82.4,119.8,83.7,82.2,72.2,39.2,31.2,83.2,1
52,0,0,0,1.2,0,6.8,1,0,1,1,0,129.3,129.7,99.7,129.5,98.6,80.3,92.1,44.0,37.6,79.6,0
58,2,1,1,5.4,1,3.6,2,3,2,2,2,118.2,129.9,91.0,124.0,73.3,75.3,71.7,40.0,26.4,67.5,2
54,1,1,1,6.6,2,3.1,4,2,3,3,4,102.5,107.5,95.3,105.0,62.8,70.3,63.3,36.9,24.5,69.1,2
39,1,0,1,2.0,1,7.1,1,1,1,2,1,134.8,127.4,94.5,131.1,88.7,80.3,80.6,38.6,29.8,86.1,1
69,0,0,0,5.4,2,6.7,2,2,2,3,3,99.1,113.7,87.2,106.4,73.8,78.9,68.4,36.3,26.1,70.5,2
64,2,1,1,5.0,2,3.8,2,3,2,3,2,105.6,119.0,88.7,112.3,75.3,77.1,68.3,32.9,25.5,64.6,2
65,2,0,0,2.1,2,8.9,1,1,1,2,1,136.0,137.3,99.1,136.6,85.1,85.2,81.3,45.4,28.7,75.1,1
43,1,0,0,2.1,1,6.3,1,1,1,0,1,134.0,132.3,98.7,133.2,82.6,87.3,82.6,45.1,31.4,82.5,0
73,1,0,0,4.4,2,3.0,3,2,1,1,2,119.4,110.1,92.2,114.8,87.0,68.1,65.5,36.2,27.9,73.5,2
36,1,1,1,4.4,1,4.7,2,2,1,2,2,118.4,125.6,94.3,122.0,65.3,86.3,80.7,36.1,28.5,83.3,2
62,2,0,0,3.2,0,9.3,0,1,1,0,1,129.0,138.3,93.3,133.6,98.7,87.0,82.3,32.1,27.3,88.3,0
83,0,0,0,2.4,2,8.1,0,2,3,1,2,115.4,116.1,99.4,115.8,86.9,76.6,74.9,34.6,29.9,87.2,1
42,2,0,0,0.0,0,7.4,1,1,0,1,1,125.7,139.2,90.3,132.4,86.0,88.3,81.6,36.9,32.9,92.0,0
47,1,1,1,1.7,1,5.4,1,1,2,2,2,123.6,97.0,78.5,110.3,89.7,83.4,71.2,33.7,34.3,82.7,2
56,1,0,0,2.1,1,6.1,1,1,1,1,1,130.0,118.7,91.3,124.4,79.1,87.0,83.0,46.4,31.7,90.3,1
48,0,1,0,4.5,2,2.5,2,3,3,2,1,109.5,95.1,86.8,102.3,79.2,69.1,75.3,31.3,29.7,67.4,2
34,0,0,0,1.9,1,8.5,1,1,0,1,1,133.3,126.1,94.6,129.7,77.8,90.1,80.2,38.6,31.4,84.9,0
55,1,0,0,2.1,0,7.7,1,1,1,0,1,129.4,132.6,97.6,131.0,81.4,85.0,73.5,38.5,35.3,98.5,0
41,1,0,0,0.0,1,8.4,0,0,0,0,1,139.4,139.4,100.0,139.4,84.8,90.8,80.8,50.7,31.0,80.3,0
61,2,0,0,1.0,1,5.3,1,2,1,1,1,129.3,130.7,98.9,130.0,79.9,78.5,77.3,39.4,32.1,81.8,1
43,0,1,1,4.8,2,6.7,2,2,2,2,2,107.6,129.0,83.4,118.3,77.1,82.1,67.3,39.5,30.5,79.4,2
75,1,0,0,4.6,1,4.5,2,2,2,2,2,115.6,114.0,98.6,114.8,72.9,77.8,70.4,37.0,30.1,67.6,2
44,1,0,0,2.7,1,6.9,1,1,1,1,2,111.6,120.3,92.8,116.0,72.1,87.2,75.5,33.0,35.7,78.2,1
50,0,0,0,0.8,1,5.6,1,1,1,1,1,126.4,133.2,94.9,129.8,87.4,76.0,80.8,44.9,29.9,94.6,1
65,0,0,0,3.4,1,6.4,2,1,1,1,1,126.5,117.7,93.0,122.1,83.4,75.0,71.8,40.6,34.2,83.7,1
38,1,0,0,3.5,2,7.6,1,1,1,0,1,119.3,119.0,99.7,119.2,88.2,83.3,84.7,40.4,34.6,82.7,0
57,1,0,0,3.4,1,6.7,2,3,2,1,2,119.4,118.8,99.5,119.1,83.4,88.8,86.8,44.4,30.5,83.2,1
71,1,1,0,3.2,1,5.6,2,2,1,2,2,116.8,102.9,88.1,109.8,83.7,88.3,82.4,36.4,33.7,75.9,2
34,1,0,1,2.3,1,7.7,1,1,1,1,1,128.2,133.0,96.4,130.6,85.5,79.9,78.7,40.2,31.3,93.9,1
57,1,0,0,0.0,1,7.1,1,0,0,0,1,130.9,131.7,99.4,131.3,94.9,87.9,88.6,41.5,33.2,84.2,0
58,0,0,0,4.0,2,6.7,1,1,2,1,2,115.8,129.2,89.6,122.5,79.3,82.8,81.8,42.6,30.6,80.2,1
65,1,0,1,4.7,2,5.0,2,2,2,2,2,113.2,108.9,96.2,111.0,73.1,80.2,72.9,38.8,25.1,69.2,2
38,3,0,0,0.0,0,9.7,0,0,0,0,0,130.1,139.8,93.1,135.0,100.0,96.4,90.9,45.8,36.9,92.5,0
37,1,1,1,3.9,2,5.4,2,3,1,2,2,114.4,108.0,94.4,111.2,85.0,72.3,78.0,33.9,30.3,77.3,2
61,2,0,0,1.6,1,7.1,1,0,1,1,1,130.8,137.7,95.0,134.2,93.4,88.5,90.3,41.8,33.1,95.7,0
58,1,0,0,1.3,0,6.5,1,1,1,1,1,129.6,125.3,96.7,127.4,84.0,76.4,79.9,38.7,37.0,82.7,0
58,2,0,1,3.6,2,3.4,2,1,1,1,2,114.3,120.6,94.8,117.4,74.7,83.1,79.5,41.2,28.2,81.8,2
59,2,1,0,2.0,2,7.1,1,1,1,1,1,112.4,127.5,88.2,120.0,88.8,79.5,86.5,34.2,25.9,82.3,1
46,1,0,0,2.1,0,8.8,1,1,1,0,0,128.7,123.9,96.3,126.3,95.1,80.7,88.6,46.8,37.4,78.6,0
58,3,0,1,1.2,0,8.5,1,1,0,1,0,134.7,127.3,94.5,131.0,87.1,87.3,90.7,45.3,34.7,83.2,0
58,0,0,0,0.6,1,7.0,1,1,0,1,2,131.4,125.4,95.4,128.4,95.5,80.7,66.8,37.0,32.5,79.6,1
45,0,0,0,1.7,0,5.3,1,1,0,1,1,142.9,132.9,93.0,137.9,89.2,91.5,85.5,39.9,31.2,94.7,0
79,2,0,0,3.4,1,6.1,1,1,1,2,2,136.3,126.2,92.6,131.2,79.9,79.5,82.5,38.3,32.3,87.6,1
61,2,0,1,3.0,2,6.2,2,1,1,1,1,113.0,119.5,94.6,116.2,79.9,91.6,82.5,39.8,26.8,81.7,1
39,0,1,1,6.8,3,4.6,2,2,1,1,2,108.2,100.6,93.0,104.4,74.7,79.2,65.7,39.6,27.0,53.3,2
63,1,0,0,2.4,1,7.3,1,2,0,1,1,128.7,129.9,99.1,129.3,87.7,91.9,80.3,44.9,29.9,77.1,0
42,0,1,0,2.9,1,7.3,1,0,1,1,1,124.9,115.1,92.2,120.0,91.2,78.4,85.2,38.9,31.9,88.1,1
65,1,0,1,5.3,2,4.1,2,2,2,2,2,108.9,102.5,94.1,105.7,68.4,82.6,64.7,38.5,29.3,77.3,2
70,2,0,0,2.0,2,7.6,2,1,1,1,0,142.5,132.9,93.3,137.7,80.1,79.0,83.6,44.6,29.3,82.4,0
44,1,0,0,1.4,1,7.2,0,1,2,1,1,124.1,134.2,92.5,129.1,91.5,85.5,83.9,41.3,34.4,88.0,0
67,1,0,1,4.6,2,5.6,2,2,2,2,3,107.2,114.9,93.3,111.0,72.8,81.9,70.9,35.6,28.2,75.1,2
60,1,0,1,7.1,3,2.5,2,3,3,3,4,112.1,104.6,93.3,108.4,81.0,72.5,68.8,37.3,27.1,70.1,2
65,0,0,1,2.5,1,4.7,2,2,1,2,1,116.4,126.5,92.0,121.4,86.0,74.2,71.7,41.7,29.3,79.1,1
79,1,0,0,2.5,2,5.1,1,1,3,1,1,121.4,109.3,90.0,115.4,77.9,85.5,72.8,41.8,31.4,84.4,2
51,1,0,0,0.4,0,7.7,0,1,0,1,0,137.6,129.7,94.3,133.6,95.1,88.7,83.8,49.9,31.1,93.9,0
45,3,1,0,4.5,1,8.1,1,1,1,0,2,128.9,141.0,91.4,135.0,89.0,81.8,75.1,42.1,27.2,80.0,1
43,2,0,0,1.3,0,8.7,1,1,1,0,1,136.5,133.9,98.1,135.2,95.0,81.6,93.2,44.5,30.2,85.0,0
44,0,1,0,3.2,1,6.4,1,2,1,1,1,129.0,138.4,93.2,133.7,82.9,84.5,75.4,43.6,29.5,79.1,1
53,2,0,1,2.1,1,5.1,1,2,1,2,1,116.2,120.8,96.2,118.5,84.4,80.5,82.2,44.9,26.3,82.2,1
59,2,0,0,1.6,0,9.3,0,1,0,0,1,131.6,121.0,91.9,126.3,80.7,89.6,82.2,41.4,37.5,92.2,0
58,2,0,1,4.0,1,4.7,1,2,2,2,2,119.1,123.5,96.4,121.3,84.9,70.1,78.2,36.5,28.7,82.2,2
65,1,0,0,2.9,1,6.7,1,1,1,1,2,112.0,118.3,94.7,115.2,67.1,80.9,72.1,36.9,33.3,88.7,1
55,1,0,0,1.5,0,8.5,1,1,1,2,1,133.9,113.7,84.9,123.8,82.7,85.9,87.8,41.3,33.3,86.3,1
73,1,0,0,2.8,1,7.4,1,1,1,1,0,126.5,127.1,99.5,126.8,76.4,92.5,85.9,42.6,31.1,85.1,1
51,0,1,0,3.3,2,4.1,1,1,1,2,1,119.1,126.9,93.9,123.0,77.4,78.3,73.4,35.0,38.3,88.0,2
88,0,1,0,5.2,2,1.8,3,3,2,2,3,96.0,97.5,98.5,96.8,71.0,79.3,64.1,37.2,33.6,71.6,2
63,0,0,1,4.1,1,6.0,2,2,1,2,3,112.5,115.4,97.5,114.0,75.4,84.4,79.7,37.2,33.5,84.0,1
43,1,0,1,1.3,1,5.5,2,1,0,1,1,121.3,124.6,97.4,123.0,69.9,83.7,72.0,38.1,28.6,84.9,1
41,2,0,0,1.2,0,9.5,1,0,0,0,2,141.4,145.0,97.5,143.2,93.6,84.9,88.0,47.2,37.7,90.9,0
61,1,0,0,2.5,0,7.8,0,2,1,1,1,117.2,135.2,86.7,126.2,98.3,81.1,79.4,39.7,28.0,86.4,0
52,0,0,1,1.3,1,7.5,1,0,1,1,0,132.0,127.1,96.3,129.6,84.4,87.7,80.6,36.6,35.2,92.3,0
64,3,1,0,3.9,2,4.1,1,2,1,2,2,110.7,113.2,97.8,112.0,81.0,73.6,69.5,38.3,21.7,75.8,2
61,3,0,0,1.1,0,9.9,2,0,0,0,1,131.1,132.4,99.0,131.8,97.3,84.5,81.2,42.1,32.3,87.3,0
54,2,0,0,3.0,1,9.6,1,1,1,1,0,125.8,127.0,99.1,126.4,74.6,81.9,88.5,43.4,34.0,80.0,1
43,3,0,1,3.1,1,6.0,2,2,1,1,2,122.7,125.5,97.8,124.1,79.7,80.2,81.9,41.3,31.2,83.7,1
35,1,0,0,0.8,0,9.5,0,0,0,0,1,133.8,134.4,99.6,134.1,87.3,95.4,81.4,39.1,30.8,90.2,0
49,3,0,0,2.2,0,9.1,1,0,0,0,0,141.0,141.1,99.9,141.0,89.1,87.9,83.9,48.1,34.7,93.9,0
66,0,0,1,5.9,2,2.9,4,3,3,2,3,89.2,99.5,89.6,94.4,78.0,74.5,70.8,38.6,26.6,70.7,2
57,1,0,0,1.9,1,5.0,1,1,0,2,1,116.4,118.5,98.2,117.4,81.6,82.0,81.5,41.2,30.2,78.2,2
38,0,0,0,2.6,1,6.7,0,1,0,0,1,130.9,127.3,97.2,129.1,92.0,77.8,76.7,44.9,31.4,80.5,0
57,0,0,0,4.5,2,5.6,1,2,1,2,0,121.7,127.6,95.4,124.6,83.6,84.0,83.2,39.0,33.0,78.2,1
60,0,1,1,5.8,2,4.5,1,3,2,3,2,97.8,98.9,98.9,98.4,67.4,60.5,71.5,33.4,29.9,69.2,2
43,1,0,0,0.9,2,7.0,1,1,0,0,1,133.0,123.4,92.8,128.2,90.4,80.8,73.0,41.9,31.7,81.4,0
56,2,0,1,2.7,1,4.1,2,2,0,1,1,116.3,124.2,93.6,120.2,90.0,84.9,77.6,42.4,34.7,85.6,1
55,1,0,0,0.0,0,9.3,0,0,0,1,0,135.8,144.5,94.0,140.2,94.0,89.7,86.9,46.4,33.6,100.0,0
40,0,0,0,1.5,0,8.6,0,0,0,0,0,136.1,134.0,98.5,135.0,94.1,80.3,87.1,42.1,32.5,88.3,0
59,2,0,1,2.1,1,7.3,2,1,1,1,2,119.8,121.0,99.0,120.4,74.8,74.6,70.5,36.7,33.2,78.8,2
62,1,1,0,3.1,1,6.5,2,1,1,1,2,127.6,125.0,98.0,126.3,85.1,67.6,73.8,34.2,33.3,78.3,1
69,1,0,0,1.8,1,5.2,0,1,1,2,1,123.6,114.9,93.0,119.2,90.6,75.9,76.7,41.7,29.4,87.8,1
68,2,0,0,1.8,1,5.6,1,1,0,1,1,133.0,134.2,99.1,133.6,90.4,89.4,81.3,40.7,30.7,89.9,0
37,1,0,0,0.4,0,8.0,2,1,0,0,0,135.0,137.0,98.5,136.0,82.8,86.5,84.5,42.6,38.2,90.9,0
42,1,0,0,2.4,2,6.6,0,1,1,1,1,130.6,131.0,99.7,130.8,94.1,85.2,81.0,45.9,31.4,79.4,1
61,3,1,0,3.8,1,6.7,2,1,1,0,2,126.8,129.3,98.1,128.0,75.4,79.5,77.8,39.7,29.5,75.0,2
61,1,1,0,3.2,2,5.3,3,3,2,2,1,116.7,102.0,87.4,109.4,80.3,78.1,83.5,38.1,28.2,79.1,2
61,1,0,1,5.2,2,6.1,2,2,2,2,1,118.3,105.9,89.5,112.1,81.5,81.8,77.6,38.9,31.6,77.8,2
88,2,0,0,3.7,1,4.5,1,1,2,2,1,127.2,122.6,96.4,124.9,85.5,78.4,82.9,42.2,34.9,79.8,2
62,2,0,1,3.7,2,5.7,2,2,2,2,1,120.8,115.4,95.5,118.1,67.1,80.7,70.2,31.2,28.2,79.4,2
69,0,1,0,6.7,2,5.7,2,3,2,3,2,111.6,126.8,88.0,119.2,77.6,64.5,68.4,34.8,34.4,70.8,2
67,0,0,0,3.2,0,4.8,1,1,2,1,1,130.4,129.0,98.9,129.7,84.4,88.4,84.0,39.1,29.6,85.2,1
63,0,1,0,3.4,2,7.2,1,1,2,2,0,120.7,105.2,87.2,113.0,87.8,73.4,76.7,35.3,29.0,81.6,2
50,1,0,0,3.1,0,7.9,1,1,1,1,1,137.2,136.2,99.3,136.7,90.7,81.1,87.6,41.1,34.3,83.0,0
64,1,0,0,5.2,1,6.6,1,1,1,2,1,124.1,126.6,98.0,125.4,88.9,77.2,73.3,34.0,28.0,78.3,1
44,0,0,1,4.3,2,4.2,1,2,2,2,3,116.0,105.9,91.3,111.0,80.0,82.5,76.9,39.4,30.1,80.7,2
51,3,1,1,5.6,2,5.5,2,2,2,2,2,112.2,102.4,91.3,107.3,73.6,69.9,69.8,33.5,26.0,68.4,2
48,1,1,1,2.7,2,4.7,2,2,1,2,2,120.4,120.7,99.8,120.6,81.3,76.4,74.2,38.7,25.8,92.5,2
56,0,0,0,3.2,2,6.9,2,2,2,2,2,122.2,118.8,97.2,120.5,89.1,75.8,75.7,38.7,25.7,84.0,1
85,1,0,1,3.4,1,6.8,2,1,1,2,1,118.4,135.7,87.3,127.0,74.2,81.3,79.3,39.9,28.9,80.2,2
30,2,0,0,1.6,1,7.1,0,0,1,1,1,130.1,130.4,99.8,130.2,93.7,90.8,88.5,34.9,33.9,87.3,0
63,0,0,0,2.9,1,8.9,1,1,1,1,0,135.6,129.6,95.6,132.6,81.5,91.8,78.6,41.4,27.8,88.1,1
34,1,0,1,3.8,2,6.5,1,1,1,2,2,124.2,113.9,91.7,119.0,77.9,93.2,79.9,38.1,30.7,79.7,1
48,2,0,0,0.8,0,9.6,1,1,0,1,0,133.3,141.8,94.0,137.6,97.9,93.4,89.7,45.2,34.6,90.0,0
69,1,1,0,4.2,3,2.5,2,2,2,2,2,106.9,119.0,89.8,113.0,68.9,75.6,73.7,31.2,26.6,80.7,2
55,1,0,0,0.1,1,10.0,1,0,0,0,1,140.1,133.9,95.6,137.0,92.5,82.3,90.9,44.2,31.1,87.5,0
40,1,1,0,2.2,1,5.5,1,2,1,2,0,119.8,128.6,93.2,124.2,81.6,92.4,89.0,43.7,31.6,84.3,1
45,0,0,1,2.5,1,7.8,1,2,1,1,1,115.3,119.9,96.2,117.6,72.3,83.9,77.6,40.4,30.6,79.8,1
63,0,0,0,2.6,1,7.0,1,1,0,1,1,122.6,125.6,97.6,124.1,91.2,85.4,91.6,39.9,35.2,89.5,0
45,1,0,1,2.1,0,5.6,1,2,1,1,1,110.8,112.3,98.7,111.6,82.6,83.0,78.6,36.8,27.0,84.6,1
57,0,0,0,3.6,2,6.3,1,2,1,2,1,109.2,116.7,93.6,113.0,69.5,75.4,69.9,39.2,29.4,87.3,2
55,0,0,0,5.5,2,6.0,2,1,2,2,2,106.6,111.7,95.4,109.2,73.3,65.0,70.0,38.1,25.1,72.1,2
46,2,0,0,1.3,1,6.7,1,1,0,1,0,139.3,132.1,94.8,135.7,79.8,89.6,86.6,43.1,32.1,80.9,0
82,3,0,0,4.1,0,7.0,2,1,1,1,2,118.8,117.2,98.7,118.0,84.2,86.5,80.3,38.0,26.9,78.9,2
63,2,0,0,2.3,0,8.1,1,1,0,1,1,123.8,133.3,92.9,128.6,92.3,86.6,76.0,41.0,29.1,81.8,1
28,2,0,1,2.7,1,6.1,1,0,1,1,1,117.0,125.1,93.5,121.0,89.3,83.6,77.0,40.1,31.3,84.5,1
57,0,0,1,3.5,2,7.3,2,1,1,2,1,117.3,119.5,98.2,118.4,84.9,79.4,73.4,36.7,28.0,82.3,2
46,3,1,1,5.1,2,3.6,2,2,2,2,2,103.8,100.1,96.4,101.9,74.6,77.9,69.3,38.8,32.1,88.5,2
66,0,1,1,5.0,3,2.3,3,3,3,3,3,99.9,92.4,92.5,96.2,71.5,70.6,56.5,33.5,28.3,66.9,2
44,3,0,1,1.7,1,7.9,1,1,1,1,1,140.5,122.2,87.0,131.4,86.7,84.8,71.3,45.0,34.0,75.1,0
53,3,0,0,1.7,0,7.2,2,1,1,1,0,135.8,138.1,98.3,137.0,90.3,87.4,82.9,45.7,34.9,87.4,0
61,2,0,1,4.1,2,6.2,2,1,1,2,2,118.3,123.4,95.9,120.8,85.7,87.9,78.3,39.1,30.1,82.4,2
66,3,1,0,5.9,2,5.3,2,2,1,2,2,118.7,94.3,79.4,106.5,83.3,79.6,77.1,38.5,31.8,72.5,2
39,1,0,0,0.3,0,8.6,1,0,1,0,0,133.0,143.8,92.5,138.4,90.4,90.3,80.7,40.9,33.3,92.6,0
50,1,0,0,3.4,1,8.4,1,1,1,1,1,124.0,138.3,89.7,131.2,80.2,88.8,76.1,41.1,37.4,87.4,0
48,1,0,0,2.7,2,5.9,2,2,1,1,1,130.9,115.7,88.4,123.3,80.7,84.1,75.1,39.7,27.7,82.6,1
46,1,0,0,4.0,1,7.1,1,1,1,1,2,117.6,125.1,94.0,121.4,83.2,87.7,80.1,35.2,28.2,87.8,1
77,0,0,1,6.8,2,4.7,3,2,3,2,3,103.4,112.4,92.0,107.9,72.6,68.2,73.1,35.0,22.7,71.0,2
60,1,1,0,3.2,2,6.1,2,2,1,2,2,117.8,115.0,97.6,116.4,82.6,75.6,78.3,34.3,25.8,81.0,2
38,3,0,0,1.4,1,9.2,0,1,1,0,0,128.3,134.4,95.5,131.4,81.2,84.4,84.3,40.5,29.4,81.0,0
66,0,0,0,3.7,1,4.6,2,2,2,2,2,122.1,123.7,98.7,122.9,76.6,83.1,77.9,36.3,30.0,74.9,2
82,2,0,0,4.9,2,5.8,1,2,1,2,3,113.4,119.4,95.0,116.4,73.1,81.2,70.0,36.8,30.8,76.1,2
68,3,0,0,0.4,0,8.0,1,0,1,0,0,140.1,128.0,91.4,134.0,98.6,83.4,87.9,39.8,34.1,86.5,0
35,3,1,0,1.1,0,6.8,0,1,1,2,0,135.5,119.8,88.4,127.6,88.4,89.3,84.6,45.0,29.5,88.8,0
48,3,0,0,3.6,1,7.2,1,1,1,2,1,125.5,119.6,95.3,122.6,83.4,91.3,88.7,41.3,30.5,83.8,1
71,1,1,0,4.3,2,4.2,1,1,1,2,1,124.7,132.4,94.2,128.6,80.0,76.0,76.2,42.4,30.6,75.0,2
45,3,0,1,2.9,1,8.3,2,0,0,0,1,124.2,131.5,94.4,127.8,83.9,86.7,78.7,42.0,31.2,90.7,0
60,2,0,1,2.4,2,7.7,0,1,1,1,1,133.2,117.4,88.1,125.3,84.6,87.0,76.7,41.8,29.2,84.7,1
65,0,1,0,5.9,2,3.3,2,2,1,2,1,122.4,114.4,93.5,118.4,87.1,71.1,72.7,34.4,25.0,72.5,2
42,1,0,0,0.0,1,8.1,1,0,0,0,1,147.4,130.5,88.5,139.0,100.0,90.9,80.1,40.4,33.1,88.9,0
54,2,1,0,4.5,2,2.9,3,3,2,3,2,111.3,129.7,85.8,120.5,72.4,81.1,69.9,37.1,25.7,78.3,2
20,0,0,1,3.9,1,6.7,1,1,1,1,0,121.6,124.5,97.7,123.0,84.7,81.1,80.6,37.3,31.3,86.1,1
41,1,1,0,2.8,2,6.7,1,1,1,2,1,133.7,114.6,85.7,124.2,79.0,85.3,80.4,40.8,31.4,87.7,1
51,2,0,0,3.8,1,7.1,2,2,2,0,1,125.5,123.2,98.2,124.4,76.8,84.9,85.1,46.0,31.1,90.1,0
38,0,0,1,4.8,2,5.0,2,2,2,1,2,112.5,120.4,93.4,116.4,84.5,75.5,76.1,40.4,29.7,77.2,2
76,1,0,0,3.7,1,6.9,2,1,2,2,1,116.5,117.4,99.2,117.0,91.7,78.5,67.6,39.4,30.5,86.6,2
36,2,1,0,1.7,1,3.6,2,2,1,2,2,113.5,108.8,95.9,111.2,78.6,77.4,70.8,39.1,26.7,88.1,2
49,1,1,0,3.1,1,7.6,1,1,1,1,2,124.9,115.2,92.2,120.0,78.3,76.9,75.3,37.9,35.1,73.1,1
56,0,1,1,5.6,2,3.5,2,2,2,2,2,104.7,120.2,87.1,112.4,71.8,72.3,73.1,34.3,25.1,73.4,2
73,0,1,1,8.2,3,2.4,4,4,3,4,3,97.5,91.8,94.2,94.6,67.3,68.6,67.2,30.0,25.9,64.6,2
36,1,0,1,4.0,2,6.6,2,2,1,2,1,132.1,136.7,96.6,134.4,79.8,83.2,80.0,36.6,28.7,83.7,1
70,3,0,0,1.5,1,8.8,0,1,1,1,1,130.8,132.3,98.9,131.6,83.8,83.2,93.6,40.9,32.0,81.5,0
55,0,0,0,3.6,1,5.5,1,1,1,0,2,123.8,127.8,96.9,125.8,88.8,83.6,87.4,43.0,31.2,78.6,1
42,1,0,1,4.4,1,5.9,1,1,2,3,3,120.0,122.1,98.3,121.0,81.1,82.4,82.8,34.2,33.8,84.7,2
61,0,0,1,3.9,1,7.2,1,1,1,1,1,123.5,114.7,92.9,119.1,89.9,76.7,83.0,43.8,30.2,77.3,1
57,1,0,0,3.3,2,5.1,1,2,1,1,1,121.0,111.8,92.4,116.4,85.5,81.2,81.9,43.3,34.1,83.7,1
47,2,0,1,0.8,2,5.8,2,1,1,1,2,123.9,125.2,99.0,124.6,78.5,72.8,81.7,40.9,31.6,76.8,1
55,2,0,0,2.3,2,6.9,1,1,2,1,2,128.9,115.3,89.4,122.1,82.4,83.0,72.1,41.6,36.1,91.2,1
49,0,0,0,1.7,1,5.8,1,0,2,1,0,122.8,122.1,99.4,122.4,84.9,83.2,74.3,39.1,26.4,83.4,1
56,1,0,0,3.3,1,5.2,2,2,2,2,1,122.5,117.8,96.2,120.2,75.5,83.2,76.1,38.6,31.1,84.6,1
63,0,0,0,4.9,1,5.2,1,2,2,1,1,112.4,124.5,90.3,118.4,73.1,79.6,76.3,36.2,22.6,80.2,2
75,1,1,1,7.6,3,2.9,2,3,3,3,3,94.4,116.5,81.0,105.4,60.0,70.3,62.7,31.4,24.2,65.3,2
38,2,0,0,3.4,1,6.9,1,1,1,2,1,122.7,130.2,94.2,126.4,88.7,84.9,83.2,41.2,34.3,85.9,0
82,0,0,0,4.3,2,6.6,1,2,1,2,2,113.8,114.2,99.6,114.0,77.4,75.3,65.0,43.2,32.8,86.6,2
29,1,0,1,1.2,1,6.0,2,1,1,1,1,133.3,128.8,96.6,131.0,91.0,78.0,83.4,42.0,33.2,80.1,1
53,1,0,1,1.7,2,4.1,2,2,2,1,2,120.1,130.3,92.2,125.2,73.7,76.5,74.8,36.4,28.1,65.3,2
62,3,0,0,2.6,1,9.0,2,1,0,1,2,119.4,126.6,94.3,123.0,73.0,80.0,80.1,40.1,32.8,80.8,1
58,3,0,0,1.3,1,7.4,1,1,0,1,0,134.1,134.5,99.7,134.3,88.5,86.5,89.2,40.1,39.1,82.4,0
46,0,0,0,1.4,1,5.8,1,2,1,1,0,123.6,123.6,100.0,123.6,93.6,81.4,75.9,38.8,31.6,89.7,1
52,2,0,0,0.0,1,6.0,0,0,1,1,1,125.9,122.7,97.5,124.3,88.3,88.3,82.5,44.5,34.9,86.6,0
48,1,0,1,1.9,1,7.9,1,1,0,1,1,115.7,124.9,92.6,120.3,77.5,83.3,81.6,38.5,30.0,88.1,1
47,1,1,1,5.8,2,3.2,2,3,2,3,3,111.3,98.4,88.4,104.8,63.1,74.2,63.8,31.9,28.9,71.6,2
66,2,1,0,4.8,2,5.1,2,2,2,2,1,107.9,94.5,87.6,101.2,84.5,80.3,64.8,35.4,31.2,78.4,2
59,3,0,0,3.5,2,6.0,2,2,1,1,1,120.6,124.9,96.6,122.8,77.8,80.0,72.1,36.6,28.6,82.3,1
45,3,0,0,1.6,0,10.0,0,0,0,0,0,134.3,146.7,91.5,140.5,100.0,91.4,89.7,48.4,36.9,100.0,0
66,1,0,1,2.7,2,5.6,2,2,1,2,2,123.3,123.0,99.8,123.2,83.5,82.1,75.2,38.4,31.6,80.9,2
58,1,0,0,3.2,1,9.5,0,1,1,1,1,124.3,125.5,99.0,124.9,81.7,96.3,81.2,39.7,33.4,90.6,1
65,2,1,0,5.0,2,4.7,2,2,2,2,2,110.8,105.5,95.2,108.2,81.2,70.5,68.6,35.8,27.7,80.6,2
63,1,0,0,3.6,2,7.7,1,1,1,1,0,122.8,106.3,86.6,114.6,78.9,82.6,72.9,40.2,33.9,82.3,1
44,1,0,0,1.5,1,8.4,1,1,1,1,0,130.6,128.4,98.3,129.5,80.0,79.5,83.5,39.1,29.8,86.3,0
47,1,0,0,2.1,0,8.5,1,0,1,0,1,134.4,137.3,97.9,135.9,86.7,88.6,85.5,39.0,33.6,88.4,0
64,2,1,0,3.4,1,5.8,1,1,1,1,1,121.7,100.9,82.9,111.3,86.4,78.1,81.7,43.1,30.7,88.6,1
62,0,0,1,3.8,2,5.3,2,2,2,3,2,110.8,117.2,94.5,114.0,82.7,76.3,69.7,39.4,31.3,72.3,2
54,0,0,1,2.8,1,7.2,1,1,2,1,2,114.0,121.0,94.2,117.5,81.6,83.1,69.4,40.7,28.4,79.6,1
56,3,0,1,2.4,1,6.3,0,1,2,1,1,118.1,110.4,93.5,114.2,75.1,80.7,67.3,42.8,31.7,82.7,1
71,0,0,0,4.1,1,6.1,2,2,1,2,1,123.4,117.3,95.1,120.4,72.8,70.9,74.7,43.9,28.4,74.6,2
47,1,0,0,0.0,1,9.6,1,0,0,0,1,131.8,148.0,89.1,139.9,85.3,95.4,86.6,41.3,33.7,86.9,0
62,0,0,0,4.0,1,7.5,1,2,2,2,1,112.6,110.8,98.4,111.7,72.3,82.6,73.9,34.0,30.0,84.3,2
52,0,1,0,5.4,2,5.3,3,2,2,3,3,102.5,126.7,80.9,114.6,76.2,74.4,68.7,37.5,24.4,78.2,2
52,0,1,1,4.4,2,7.0,2,2,2,3,3,104.7,109.5,95.6,107.1,87.4,73.0,66.1,32.4,31.8,75.5,2
69,0,1,0,5.5,2,4.7,1,2,2,2,2,111.8,135.7,82.4,123.8,82.4,78.5,65.3,37.3,30.0,82.3,2
65,2,0,0,1.4,0,9.6,0,0,0,0,0,141.9,140.9,99.3,141.4,87.0,91.8,89.7,43.0,32.0,100.0,0
65,1,1,1,5.2,2,5.7,2,3,3,2,2,106.6,116.4,91.6,111.5,70.8,78.4,69.8,37.2,26.5,75.9,2
71,3,0,1,4.5,2,4.3,2,2,2,2,2,117.6,118.9,98.9,118.2,75.4,81.9,72.4,35.4,32.4,84.9,2
55,1,0,0,2.2,0,7.1,0,1,0,0,1,125.5,116.3,92.7,120.9,89.4,90.9,75.4,45.0,33.3,91.1,0
63,1,0,0,3.3,1,8.3,0,1,1,1,2,127.0,120.7,95.0,123.8,91.2,73.5,74.5,37.3,28.3,81.5,1
50,1,0,0,0.0,1,7.7,0,0,0,0,0,133.2,129.1,96.9,131.1,89.4,87.7,87.2,45.6,31.8,91.9,0
59,1,0,0,2.7,1,5.2,1,1,1,1,2,115.3,120.8,95.4,118.0,90.8,86.9,80.4,37.3,32.2,85.3,1
53,2,0,0,0.0,1,9.7,1,0,0,1,1,130.5,133.1,98.0,131.8,100.0,82.8,84.1,44.0,34.8,85.1,0
56,1,0,0,3.5,2,8.4,1,1,1,1,1,138.0,131.9,95.6,135.0,84.2,90.5,88.6,37.7,32.6,72.4,1
62,1,1,1,5.5,2,4.4,2,2,3,2,2,118.5,95.2,80.3,106.8,70.8,82.3,66.6,34.4,26.1,68.7,2
44,2,0,0,0.2,0,9.0,1,0,1,0,0,140.5,134.1,95.4,137.3,91.5,96.5,94.9,48.2,36.4,81.6,0
82,3,0,0,2.8,2,7.2,1,1,1,0,0,128.2,128.4,99.8,128.3,87.7,88.9,84.1,41.8,31.4,83.1,0
41,2,0,0,2.4,2,7.8,1,1,0,2,1,130.3,120.2,92.2,125.2,85.2,83.1,83.2,44.8,29.9,77.9,0
39,1,0,0,0.7,0,9.3,1,0,1,0,0,131.6,124.1,94.3,127.8,92.3,87.4,88.1,41.5,36.3,91.6,0
70,2,0,1,4.7,2,5.0,2,3,2,2,2,112.1,112.4,99.7,112.2,68.2,69.2,69.3,34.4,29.2,70.0,2
65,1,0,0,2.6,1,8.8,1,1,1,1,1,125.9,120.3,95.6,123.1,80.8,78.4,77.7,40.0,28.8,85.8,1
63,1,0,0,0.9,2,5.9,1,1,1,0,1,125.8,124.3,98.8,125.0,86.0,79.5,74.1,41.8,31.4,87.7,1
63,0,0,0,0.9,0,7.9,0,2,2,2,1,129.1,143.9,89.7,136.5,93.1,87.1,88.9,36.3,32.8,91.6,0
54,1,0,1,3.2,1,5.8,1,2,1,2,2,113.3,120.6,93.9,117.0,92.5,78.7,79.3,40.2,29.2,71.9,1
43,0,1,0,3.6,1,4.7,1,1,2,1,1,116.0,100.6,86.7,108.3,73.9,81.0,82.0,35.2,30.2,85.7,2
55,1,0,1,3.6,2,4.2,3,2,3,2,2,115.2,110.9,96.3,113.0,71.3,79.2,72.2,31.8,25.2,76.7,2
46,2,0,0,3.2,1,7.9,0,0,1,0,0,128.2,143.4,89.4,135.8,75.7,81.7,88.1,42.8,34.2,90.4,0
67,0,1,0,5.8,2,4.1,3,3,2,3,2,107.5,116.1,92.6,111.8,65.7,72.8,64.4,37.8,26.2,80.7,2
53,0,0,0,2.9,1,8.8,1,2,1,1,1,121.6,121.1,99.6,121.4,74.6,80.2,84.3,40.2,26.7,87.1,1
44,0,0,1,3.3,0,7.1,2,1,1,1,0,116.8,116.5,99.7,116.6,80.8,83.2,77.3,35.4,30.1,77.1,1
50,3,1,1,3.8,2,6.1,2,1,1,2,1,112.1,105.2,93.8,108.6,75.6,80.1,73.2,34.3,26.7,80.0,2
60,1,0,0,3.1,2,7.0,1,0,2,1,2,118.8,132.6,89.6,125.7,86.9,87.8,84.1,38.8,23.7,76.6,1
47,1,0,0,0.8,0,10.0,1,1,1,1,1,127.0,136.3,93.2,131.6,89.0,91.6,97.5,43.5,33.0,89.4,0
44,2,0,0,0.2,0,10.0,1,1,0,1,1,140.9,133.2,94.5,137.0,93.0,90.4,90.1,42.7,36.0,87.3,0
58,2,0,0,2.4,1,8.2,1,1,1,1,1,126.7,127.5,99.4,127.1,88.1,78.6,87.7,43.0,32.0,87.0,0
58,1,0,0,5.0,2,5.0,1,1,2,2,1,115.0,127.3,90.3,121.2,75.6,74.6,74.2,41.3,31.5,73.0,2
48,2,0,1,2.1,1,7.5,0,0,1,1,0,141.5,137.5,97.2,139.5,80.9,83.1,85.6,43.4,32.9,81.7,0
48,2,0,1,4.8,1,5.9,1,2,1,1,2,122.3,109.8,89.8,116.0,82.3,80.6,75.1,40.3,28.1,76.9,2
58,2,0,0,0.8,0,8.7,1,1,1,2,1,130.2,131.0,99.4,130.6,98.0,81.2,92.2,41.7,31.3,87.9,0
36,0,0,0,0.0,0,9.6,1,1,1,1,0,139.0,134.1,96.5,136.6,100.0,91.6,87.0,53.7,30.9,89.5,0
36,2,0,1,4.8,1,6.6,2,1,1,2,2,119.2,115.3,96.7,117.2,86.3,82.0,84.3,40.3,32.4,88.5,1
45,1,0,1,5.8,1,5.8,2,2,1,2,0,114.2,121.4,94.1,117.8,87.4,69.7,69.7,40.0,31.3,82.0,2
52,1,0,0,4.6,1,5.8,1,2,1,2,2,125.4,123.3,98.3,124.4,85.2,76.4,85.9,44.6,29.9,84.5,1
59,1,0,0,2.6,1,6.9,0,2,2,1,0,120.8,117.3,97.1,119.0,84.6,87.2,74.7,39.6,25.5,80.8,1
74,0,1,0,5.5,2,4.7,3,3,3,3,3,102.0,85.0,83.3,93.5,69.0,73.1,69.8,30.5,26.4,61.9,2
66,0,0,0,2.4,1,7.1,1,1,1,2,1,126.3,117.1,92.7,121.7,80.7,76.2,73.0,42.4,27.7,81.0,1
52,2,0,0,0.0,1,8.4,1,1,0,0,1,136.0,133.7,98.3,134.8,91.5,81.3,87.1,46.0,33.0,96.9,0
54,0,0,0,2.6,2,7.8,1,2,1,2,1,120.9,132.2,91.5,126.6,81.5,70.6,75.1,40.3,27.1,84.8,1
41,1,0,0,4.1,2,6.6,1,1,1,1,2,128.3,127.9,99.7,128.1,84.2,90.9,85.9,45.5,31.5,90.0,1
54,1,1,0,3.1,2,5.7,1,1,2,2,0,114.3,139.9,81.7,127.1,76.0,81.2,82.2,38.6,29.9,87.8,1
51,0,0,0,2.1,1,6.9,1,1,1,1,1,132.0,131.6,99.7,131.8,90.0,95.2,80.2,44.3,26.3,89.8,0
59,3,1,0,4.6,2,6.2,0,1,1,2,1,122.3,104.0,85.0,113.2,77.3,80.2,81.0,43.4,34.3,82.9,1
44,0,0,1,1.4,1,7.2,1,1,1,1,1,131.6,127.3,96.7,129.4,87.8,87.2,87.9,41.8,31.5,82.1,0
61,1,0,1,6.0,2,6.7,1,2,2,1,2,115.1,111.8,97.1,113.4,81.5,83.0,70.7,38.8,28.5,77.8,2
74,1,0,0,3.6,1,7.4,1,0,1,1,1,143.2,131.8,92.0,137.5,91.5,94.8,78.9,45.0,34.0,86.1,0
53,0,1,0,4.0,0,4.5,1,2,1,2,2,110.4,135.7,81.4,123.0,82.2,80.4,69.3,36.0,28.7,79.8,2
60,0,0,1,4.2,3,6.6,1,1,1,1,1,117.9,106.0,89.9,112.0,74.7,75.8,66.2,33.4,28.8,68.7,2
63,2,0,0,2.6,1,7.2,0,0,0,0,0,122.9,126.7,97.0,124.8,89.9,85.8,77.7,45.4,29.4,84.2,0
49,3,0,0,2.2,1,7.1,1,1,1,1,2,128.1,126.1,98.4,127.1,82.3,78.1,85.2,41.0,30.9,86.3,1
57,0,0,0,0.3,1,8.5,1,1,1,0,2,134.8,133.9,99.3,134.4,79.2,85.1,87.3,40.7,28.0,84.8,0
55,2,1,0,5.8,2,3.9,2,2,1,3,2,114.3,123.9,92.3,119.1,79.7,77.1,65.0,36.8,27.8,72.4,2
56,2,0,0,3.7,1,8.3,1,1,2,2,0,122.9,128.1,95.9,125.5,86.7,90.7,78.5,41.9,35.0,80.8,1
44,2,0,1,1.7,1,8.6,1,0,1,1,1,132.1,126.9,96.1,129.5,94.0,84.8,78.6,37.4,29.0,86.9,0
55,1,0,0,3.0,1,6.8,2,2,2,1,2,116.9,120.6,96.9,118.8,77.8,83.0,78.6,39.1,27.8,66.0,2
61,1,0,0,1.2,1,6.4,1,1,1,2,1,136.7,134.1,98.1,135.4,77.3,83.4,78.8,41.6,26.1,81.1,1
73,1,1,1,5.6,3,4.1,3,2,2,2,3,103.1,105.2,98.0,104.2,72.7,79.8,62.1,39.6,27.0,78.0,2
67,2,0,0,0.8,0,8.2,0,1,1,2,0,128.9,135.8,94.9,132.4,94.0,90.8,85.9,41.8,34.2,90.5,0
82,2,0,0,2.6,1,6.8,2,2,2,1,2,124.8,116.8,93.6,120.8,85.7,85.2,82.3,43.6,31.7,85.0,1
45,0,1,0,4.7,1,4.4,1,2,1,1,1,117.2,139.4,84.1,128.3,79.5,84.5,71.7,37.9,28.1,70.9,2
66,1,0,0,3.5,1,6.8,2,0,1,1,2,123.4,128.0,96.4,125.7,75.6,86.8,78.5,40.2,25.6,81.4,1
57,3,0,0,2.8,1,6.6,0,2,1,0,2,138.2,134.5,97.3,136.4,84.2,92.5,80.2,43.1,29.8,88.0,0
83,2,0,0,2.6,2,6.2,2,2,1,2,1,102.2,122.8,83.2,112.5,82.9,90.5,82.9,44.4,32.8,82.6,2
44,3,0,0,0.4,0,6.6,1,0,0,1,0,131.9,136.0,97.0,134.0,83.6,97.5,85.0,39.8,36.1,96.6,0
44,2,0,0,0.8,0,7.6,0,0,0,1,0,129.5,136.9,94.6,133.2,93.4,94.3,86.4,46.5,34.8,98.8,0
47,1,1,0,3.9,1,6.9,1,1,2,1,1,112.9,142.1,79.5,127.5,81.4,78.2,77.1,38.6,30.3,78.0,1
27,1,0,0,1.5,0,9.0,0,1,1,0,0,150.0,143.9,95.9,147.0,100.0,93.8,89.0,44.9,32.4,91.2,0
48,2,0,0,2.3,0,6.7,1,0,0,1,1,133.0,136.6,97.4,134.8,90.7,76.2,86.7,43.3,35.5,94.1,0
45,0,1,0,4.9,1,7.7,2,1,1,1,2,128.1,106.4,83.1,117.2,87.7,85.9,84.9,42.6,28.7,80.7,1
56,1,0,0,2.9,1,7.5,1,0,1,0,2,125.8,138.8,90.6,132.3,87.0,78.7,87.4,42.1,32.6,79.6,1
59,2,0,1,5.5,2,5.9,2,2,2,2,2,118.6,125.8,94.3,122.2,72.8,82.5,71.6,40.2,25.1,76.0,2
79,0,0,0,2.5,1,6.5,1,1,1,1,1,112.8,121.1,93.1,117.0,80.5,92.2,81.0,38.8,30.3,89.9,1
67,2,1,0,4.9,2,7.2,2,2,2,2,2,117.7,123.4,95.4,120.6,70.6,68.1,79.3,35.5,30.8,70.8,2
47,1,0,1,3.8,1,6.0,1,1,1,0,1,118.1,121.5,97.2,119.8,86.2,81.9,86.8,36.4,28.3,80.7,1
43,3,0,0,4.0,1,8.9,1,1,1,1,1,123.1,127.4,96.6,125.2,82.1,78.7,76.9,46.5,33.4,80.7,1
61,0,1,0,4.9,2,5.2,2,2,2,3,2,118.6,101.1,85.2,109.8,76.2,69.2,77.4,36.5,26.1,82.8,2
37,1,0,1,2.1,1,5.7,1,1,0,0,0,129.3,129.6,99.8,129.4,86.4,84.1,84.1,40.0,29.5,87.2,0
78,1,0,1,6.6,3,4.8,3,3,2,2,2,110.6,102.9,93.0,106.8,82.5,77.7,75.6,37.0,27.4,79.0,2
70,1,1,0,2.1,2,5.6,1,2,2,2,1,107.2,140.2,76.5,123.7,81.3,81.5,80.6,40.3,31.2,85.7,2
48,2,0,0,0.0,0,7.5,0,0,0,0,0,135.2,135.7,99.6,135.4,87.4,89.6,81.4,41.2,32.9,82.9,0
32,2,1,0,2.9,1,6.4,1,1,0,1,1,133.0,116.4,87.5,124.7,87.0,76.3,78.4,44.4,33.3,81.9,0
72,0,1,1,6.4,3,3.1,3,3,2,2,1,99.9,116.3,85.9,108.1,77.8,71.1,71.0,32.0,28.5,67.7,2
53,1,0,0,3.7,2,6.7,1,0,1,2,2,129.8,117.7,90.7,123.8,85.6,74.0,79.2,43.4,28.5,82.5,1
71,1,0,0,1.5,1,5.6,0,1,0,1,0,126.4,123.7,97.9,125.0,81.2,80.0,73.5,40.6,29.1,91.1,0
34,1,1,1,5.0,1,6.1,2,2,2,2,2,114.5,91.2,79.7,102.8,72.8,72.2,65.4,38.8,27.6,74.8,2
47,3,1,0,2.6,1,5.6,2,2,1,1,1,129.6,113.2,87.3,121.4,76.5,85.8,80.8,38.7,33.2,77.7,1
55,2,0,1,4.0,1,4.7,1,1,1,1,1,115.9,115.0,99.2,115.4,88.4,83.1,81.5,35.1,27.9,85.7,1
55,2,0,0,3.9,2,7.6,0,0,1,1,2,129.7,126.5,97.5,128.1,89.8,83.9,72.7,35.3,33.3,85.8,1
49,2,0,0,2.8,0,7.9,0,0,0,0,2,142.8,140.4,98.3,141.6,85.6,82.4,89.8,39.8,32.0,89.7,0
63,1,0,0,4.4,1,8.3,0,2,0,1,1,127.0,124.1,97.7,125.6,82.1,81.9,80.1,43.4,35.8,74.1,1
41,3,0,1,3.1,1,7.1,1,1,1,1,0,120.5,123.4,97.6,122.0,84.0,75.7,74.5,33.8,36.5,89.4,1
53,2,0,0,2.1,1,7.6,1,1,0,1,1,124.6,133.8,93.1,129.2,87.9,92.5,80.3,42.5,34.8,87.8,0
56,2,0,0,0.1,1,7.7,1,1,0,1,1,138.4,123.4,89.2,130.9,83.7,97.5,77.9,42.7,28.5,87.0,0
61,2,0,0,2.0,0,7.4,2,1,0,1,1,132.9,118.3,89.0,125.6,83.6,86.2,77.6,35.1,25.2,80.3,1
64,1,0,1,3.3,1,5.6,1,2,1,1,2,128.3,114.2,89.0,121.2,73.6,83.8,67.7,35.9,30.0,77.5,2
40,2,0,1,3.2,0,6.5,1,1,1,0,0,127.2,136.3,93.3,131.8,92.7,83.9,81.6,38.5,34.1,81.3,0
35,0,0,0,0.6,0,8.9,1,1,1,1,1,139.2,137.9,99.1,138.6,81.3,79.8,88.4,42.8,34.5,79.4,0
71,1,0,0,4.7,2,5.4,2,3,3,1,1,116.9,116.3,99.5,116.6,70.4,74.5,68.7,41.9,27.4,75.0,2
59,1,0,1,1.4,0,8.2,1,1,1,0,1,126.9,127.2,99.8,127.0,91.8,85.1,85.1,45.7,29.3,80.9,0
45,3,0,0,1.2,1,9.2,0,2,0,1,1,138.5,130.6,94.3,134.6,83.1,85.3,80.8,41.2,35.2,88.3,0
75,2,0,0,3.1,1,6.6,0,1,1,1,0,133.6,128.1,95.9,130.8,81.3,79.5,83.0,37.2,35.5,77.6,1
56,2,0,0,0.3,1,8.9,0,1,2,0,1,130.1,126.1,96.9,128.1,92.7,90.1,76.0,39.1,32.4,95.2,0
70,2,1,1,5.5,3,3.0,2,2,3,3,3,99.5,95.5,96.0,97.5,74.7,67.8,71.7,32.6,28.3,63.2,2
55,1,0,0,0.9,2,7.4,1,1,1,1,0,125.4,120.7,96.3,123.0,83.7,94.2,71.5,37.5,37.7,90.3,1
81,3,1,0,4.6,2,5.0,1,3,2,2,2,117.5,105.7,90.0,111.6,84.4,68.7,71.0,35.6,27.3,79.7,2
77,1,0,0,0.7,1,9.2,1,0,1,0,1,126.4,138.9,91.0,132.6,90.3,92.5,82.2,42.8,32.9,84.2,0
51,1,0,0,2.5,1,5.9,2,1,0,2,1,123.7,130.3,94.9,127.0,88.7,80.4,76.9,37.8,31.9,81.9,1
67,0,1,0,4.6,2,4.8,2,2,2,1,3,112.1,127.7,87.8,119.9,79.6,80.2,66.9,35.7,28.1,73.8,2
63,2,0,0,3.4,1,7.5,1,1,1,1,0,128.2,138.3,92.7,133.2,94.6,85.2,88.1,37.7,34.3,86.4,1
72,2,0,0,3.4,1,6.5,1,2,1,2,1,116.7,128.3,91.0,122.5,87.5,82.0,71.8,37.4,29.3,90.9,1
42,1,0,0,1.9,0,7.6,0,0,0,0,0,139.1,131.7,94.7,135.4,91.4,83.1,80.5,47.5,33.5,96.3,0
63,0,0,0,3.9,0,7.4,2,2,2,1,2,119.5,114.7,96.0,117.1,84.6,79.0,86.5,40.2,26.4,77.8,1
68,2,0,1,3.3,1,4.2,1,2,1,2,1,113.6,121.0,93.9,117.3,79.3,80.7,78.4,39.8,29.1,81.0,2
32,0,0,1,0.9,1,8.9,1,1,2,1,0,132.6,126.9,95.7,129.8,88.3,88.0,78.8,45.5,30.5,96.5,0
39,2,0,1,3.8,1,4.8,1,1,1,1,2,108.2,120.0,90.2,114.1,74.6,75.2,76.5,41.2,30.7,83.4,2
28,3,0,0,0.6,0,10.0,0,0,0,0,0,136.6,135.1,98.9,135.8,91.0,98.5,88.8,49.3,30.8,99.1,0
51,1,1,0,4.5,2,4.9,1,1,0,1,2,124.2,133.7,92.9,129.0,93.0,69.2,70.2,40.9,32.9,85.6,1
64,0,0,0,3.8,2,8.0,1,1,0,1,1,114.3,124.7,91.7,119.5,78.5,82.0,76.6,40.7,29.0,84.5,1
74,2,0,1,3.8,2,5.1,1,3,1,1,2,99.3,119.6,83.0,109.4,74.3,72.7,73.8,35.0,33.0,77.1,2
55,2,1,1,4.9,2,4.2,2,3,2,2,2,97.2,100.4,96.8,98.8,74.6,76.2,78.0,33.1,31.1,69.1,2
76,1,0,1,5.6,1,4.7,0,2,2,3,3,119.1,115.6,97.1,117.4,74.8,80.3,70.7,38.2,29.0,71.3,2
37,3,0,0,1.1,1,10.0,1,0,0,0,1,139.5,138.0,98.9,138.8,96.9,85.0,89.4,44.7,31.2,89.5,0
32,0,0,0,1.9,2,7.7,1,0,0,0,1,131.5,125.3,95.3,128.4,89.0,100.0,82.5,39.2,32.1,88.7,0
54,1,0,0,2.0,1,6.6,0,1,2,0,1,133.7,130.3,97.5,132.0,89.0,86.1,87.9,34.8,29.7,86.7,0
59,2,0,0,2.2,1,6.6,1,1,1,2,2,117.3,118.0,99.4,117.6,86.7,82.1,81.6,44.8,27.9,80.2,2
54,2,0,0,0.8,1,6.0,0,0,0,1,0,131.5,129.4,98.4,130.4,94.3,78.9,87.5,38.7,36.4,88.4,0
28,0,1,1,5.5,2,3.6,3,3,2,3,3,109.7,117.1,93.7,113.4,72.6,74.0,71.2,33.0,26.9,77.4,2
53,2,0,0,2.2,1,10.0,0,1,1,0,1,126.6,122.0,96.4,124.3,90.8,90.7,75.3,45.2,30.7,85.0,0
38,1,0,0,0.0,1,7.5,0,0,0,1,1,135.6,132.0,97.3,133.8,85.0,89.4,91.5,39.3,31.6,93.6,0
63,1,0,0,2.4,1,8.3,2,1,1,2,1,130.9,111.7,85.3,121.3,81.9,84.7,81.6,42.1,30.2,90.7,1
59,0,0,1,4.6,1,4.9,1,1,1,2,2,115.8,120.4,96.2,118.1,73.2,78.3,73.8,42.9,30.5,81.0,2
42,2,1,0,2.3,1,6.5,2,1,2,2,0,117.2,140.8,83.2,129.0,80.9,73.4,79.5,44.8,25.8,78.1,1
48,0,0,0,4.4,2,6.9,2,1,1,1,1,119.1,109.8,92.2,114.4,77.7,74.1,79.2,37.5,30.5,86.4,1
41,1,0,1,2.9,2,7.4,2,2,1,1,1,107.3,116.6,92.0,112.0,74.3,86.8,72.6,38.8,31.2,84.0,1
54,1,1,0,6.0,2,4.5,2,2,2,3,2,114.1,104.9,91.9,109.5,74.0,80.4,70.8,34.8,23.6,79.0,2
67,2,0,0,1.2,1,9.8,1,0,1,1,0,123.0,127.3,96.6,125.2,79.6,91.5,74.3,41.8,29.0,95.3,0
42,2,0,0,0.0,0,7.9,0,1,1,0,0,138.1,130.4,94.4,134.2,97.7,84.6,86.8,47.0,33.4,93.8,0
61,2,0,0,1.1,1,8.1,1,1,1,0,1,130.2,131.1,99.3,130.6,85.8,85.8,90.8,37.8,36.2,95.8,0
48,1,1,1,5.2,1,4.5,2,1,2,3,2,110.2,123.3,89.4,116.8,78.9,80.4,61.6,37.0,30.3,73.3,2
44,1,0,1,2.5,1,5.5,0,1,0,1,1,127.7,133.4,95.7,130.6,81.1,76.2,80.1,39.0,29.3,81.0,1
53,1,1,0,4.2,2,4.8,2,2,2,2,1,109.1,110.5,98.7,109.8,71.5,82.9,77.2,40.8,32.1,83.2,2
41,2,0,0,0.9,0,9.1,0,0,1,0,0,139.0,135.2,97.3,137.1,98.7,87.2,92.1,47.9,33.4,87.0,0
47,3,0,0,1.1,0,7.8,0,1,0,1,1,134.4,129.6,96.4,132.0,90.5,83.5,81.7,41.4,32.4,98.7,0
39,0,1,0,4.0,1,7.9,2,1,2,3,1,115.6,112.5,97.3,114.0,88.3,78.3,69.6,37.0,29.3,85.2,2
80,2,0,0,0.0,1,7.2,1,1,0,1,1,126.2,120.0,95.1,123.1,86.9,81.6,81.8,45.0,35.0,89.0,0
55,0,0,0,4.5,2,6.6,2,1,2,2,2,119.7,108.1,90.3,113.9,76.3,68.6,80.7,40.1,27.4,84.4,2
45,1,0,0,1.4,1,8.8,1,0,0,0,0,135.3,126.9,93.8,131.1,93.9,87.2,75.8,34.7,31.7,91.5,0
57,1,0,1,3.8,0,7.3,1,1,2,1,3,128.1,128.6,99.6,128.4,91.4,87.4,75.9,43.6,28.7,79.3,0
53,1,0,0,1.3,1,6.4,0,1,1,1,2,120.7,121.1,99.7,120.9,86.9,90.6,79.5,45.7,32.6,81.5,0
52,1,0,0,0.3,1,6.6,0,1,2,1,0,124.7,120.5,96.6,122.6,100.0,88.0,77.4,41.8,34.3,87.5,0
62,1,0,0,3.1,1,6.5,1,1,1,2,1,125.5,117.3,93.5,121.4,83.8,93.6,80.8,43.2,33.9,85.5,1
64,1,0,1,5.1,2,2.9,2,2,2,3,2,116.5,115.3,99.0,115.9,69.5,82.7,79.5,39.8,24.5,82.4,2
48,2,0,0,1.1,1,6.4,1,0,0,1,0,118.1,124.0,95.2,121.0,81.4,88.5,76.1,41.6,30.9,87.4,0
47,1,0,0,0.5,1,6.0,1,1,1,0,0,124.7,128.2,97.3,126.4,85.4,87.4,81.7,43.5,35.1,79.8,0
51,0,0,0,4.2,0,8.2,1,2,2,0,2,122.1,110.3,90.3,116.2,91.9,89.1,80.1,40.0,31.6,81.1,1
25,2,1,1,5.0,2,6.5,1,2,3,2,1,118.7,145.2,81.7,132.0,79.7,68.8,75.1,38.0,29.8,84.1,2
35,1,0,0,0.2,1,7.6,2,2,1,2,1,116.8,131.2,89.0,124.0,92.2,80.7,72.3,38.0,31.1,74.8,1
72,1,0,1,2.8,1,6.8,2,1,2,1,1,119.8,118.3,98.7,119.0,84.1,71.7,74.8,39.3,31.6,74.6,1
76,2,1,1,7.7,3,3.6,3,3,2,4,2,103.0,116.9,88.1,110.0,76.2,74.9,64.5,39.2,26.8,69.2,2
51,1,0,1,3.0,1,7.5,2,2,2,1,1,113.5,124.9,90.9,119.2,83.0,76.5,80.3,35.7,28.4,85.4,2
62,0,1,0,4.7,2,3.7,2,2,2,2,2,109.4,118.8,92.1,114.1,76.3,89.7,73.1,37.1,29.6,73.4,2
59,1,0,0,1.5,1,7.9,1,1,1,0,0,126.7,121.5,95.9,124.1,91.8,83.6,75.8,42.7,29.4,89.7,0
88,3,0,0,0.6,1,8.5,1,0,1,0,1,133.0,119.7,90.0,126.4,85.3,86.8,81.7,46.2,35.8,87.5,0
69,1,0,1,2.7,2,3.8,2,2,2,2,1,109.4,113.8,96.1,111.6,74.7,75.3,71.4,41.7,26.3,76.7,2
53,2,0,0,3.1,1,10.0,1,2,1,1,2,128.9,122.2,94.8,125.6,88.7,82.8,92.4,38.4,33.4,83.1,0
42,1,0,0,0.9,1,6.8,1,2,1,0,3,119.2,123.7,96.4,121.4,93.7,76.5,81.3,38.1,30.5,87.8,1
34,0,0,0,0.9,1,9.0,2,0,0,1,0,132.9,131.6,99.0,132.2,84.9,83.5,82.4,42.3,32.9,85.4,0
57,1,0,0,4.1,2,7.6,1,1,2,0,0,123.5,112.4,91.0,118.0,72.2,70.4,74.5,37.6,33.7,80.8,1
45,2,0,0,1.8,2,7.2,2,1,1,1,1,122.7,124.1,98.9,123.4,80.7,83.8,76.2,37.7,32.1,87.5,1
36,0,0,0,0.5,1,8.2,0,1,1,0,0,129.5,134.9,96.0,132.2,94.6,85.2,86.7,43.4,32.8,85.0,0
46,1,0,0,2.0,1,8.8,1,1,0,0,2,133.7,140.9,94.9,137.3,92.0,98.9,89.4,40.9,38.2,83.1,0
40,1,0,1,3.2,1,5.4,2,1,1,1,2,116.0,118.7,97.7,117.4,78.6,76.9,81.3,37.9,33.6,73.4,1
76,1,0,0,2.5,2,5.8,2,3,2,2,2,130.2,131.4,99.1,130.8,82.8,88.8,77.4,36.7,28.3,85.4,1
66,3,1,0,5.4,2,5.8,3,2,1,2,1,119.8,120.1,99.8,120.0,69.6,85.7,73.9,38.5,23.2,81.8,2
54,0,0,0,3.2,1,7.9,0,1,2,2,1,132.2,122.7,92.8,127.4,90.1,91.6,81.9,41.0,32.3,84.6,0
74,1,1,0,6.2,2,4.8,2,3,1,3,3,96.0,92.3,96.1,94.2,69.7,73.2,59.2,33.0,29.7,65.1,2
56,0,0,1,2.2,2,6.2,1,1,2,1,1,118.3,114.0,96.4,116.2,82.0,79.7,78.1,36.5,31.9,81.4,1
43,3,0,0,0.0,0,8.1,0,0,0,0,0,138.0,146.6,94.1,142.3,97.1,98.4,87.1,40.2,38.9,99.9,0
74,0,0,0,4.5,1,6.4,2,3,2,2,2,104.1,121.4,85.7,112.8,79.2,73.9,66.2,41.9,27.3,71.7,2
62,1,0,0,0.6,0,10.0,1,1,0,1,0,140.8,135.0,95.9,137.9,89.2,90.7,99.2,42.7,33.6,96.3,0
41,2,0,1,3.5,1,7.9,1,1,1,1,1,134.1,127.0,94.7,130.6,90.1,83.3,82.3,48.3,31.0,76.0,1
52,2,0,0,2.6,1,5.2,1,2,2,2,1,128.5,124.2,96.7,126.4,82.5,73.7,74.9,39.5,29.5,72.7,2
43,1,0,1,1.6,2,7.5,1,2,1,1,1,115.9,125.0,92.7,120.4,73.8,83.0,76.8,44.7,32.4,82.9,1
37,1,0,0,0.7,0,10.0,0,1,0,0,0,137.6,126.3,91.8,132.0,91.7,93.9,91.7,47.0,38.3,96.7,0
67,1,0,0,2.2,2,6.9,1,0,1,1,0,132.4,122.8,92.7,127.6,78.8,78.3,74.3,40.4,35.6,91.2,1
79,1,0,0,2.6,2,5.0,1,2,1,1,2,119.8,132.5,90.4,126.2,75.7,83.4,76.5,37.1,34.4,86.7,1
36,0,0,1,1.4,1,5.7,1,1,2,1,1,118.0,115.8,98.1,116.9,84.8,70.0,73.4,36.0,31.9,89.6,1
62,1,1,0,4.7,2,5.4,2,3,2,2,1,101.5,109.0,93.1,105.2,74.0,70.8,76.2,39.4,27.2,77.0,2
46,1,0,1,2.4,1,5.5,1,2,0,1,2,132.7,123.1,92.8,127.9,84.6,81.5,76.9,41.2,32.0,81.7,1
48,1,0,0,3.8,1,6.5,1,2,1,1,1,121.5,128.1,94.8,124.8,79.0,83.1,83.8,40.8,32.0,87.9,1
47,2,0,0,1.8,1,8.2,1,0,0,0,0,125.7,129.6,97.0,127.6,90.0,90.6,83.2,44.2,32.8,94.3,0
43,3,0,0,1.4,1,9.5,0,0,1,1,1,132.6,134.6,98.5,133.6,92.1,87.1,88.0,43.1,30.4,92.7,0
55,1,0,1,4.3,1,7.7,2,2,1,1,2,122.7,123.2,99.6,123.0,93.3,84.2,80.4,37.6,29.2,85.1,1
44,0,0,0,1.7,1,7.4,1,1,2,1,0,123.6,119.4,96.6,121.5,82.1,81.1,84.2,42.4,32.7,89.6,1
58,0,0,1,4.4,1,3.5,3,1,1,2,1,116.2,109.7,94.4,113.0,72.2,81.0,71.0,37.1,28.7,81.0,2
54,3,0,1,1.5,1,7.3,1,2,2,2,1,131.5,120.1,91.3,125.8,79.9,83.1,82.9,39.3,30.4,81.9,1
51,1,1,1,3.6,2,5.8,2,2,3,2,2,113.5,127.8,88.8,120.6,81.5,74.5,64.3,38.7,28.3,80.8,2
43,0,1,0,1.7,1,6.8,3,2,1,1,2,132.7,122.1,92.0,127.4,79.4,80.4,79.4,39.3,28.5,85.3,1
47,1,0,0,3.1,1,5.4,1,1,1,1,0,129.7,120.1,92.6,124.9,78.1,87.0,78.6,35.1,31.1,89.5,1
64,1,0,1,3.6,2,5.0,2,2,2,1,2,120.8,121.0,99.8,120.9,76.5,88.6,69.4,41.1,28.4,79.4,2
61,1,0,0,1.8,1,6.5,1,1,0,1,0,128.8,116.7,90.6,122.8,85.1,91.9,78.8,45.3,30.6,91.7,0
42,1,0,0,0.0,1,6.4,1,1,1,0,1,139.3,133.8,96.1,136.6,85.1,82.6,82.6,37.4,30.7,94.0,0
56,0,0,0,2.8,2,6.4,2,2,1,1,1,122.8,114.2,93.0,118.5,83.7,76.0,77.6,36.0,30.2,83.4,1
64,3,0,0,0.7,1,7.2,0,0,0,0,1,125.8,124.8,99.2,125.3,88.6,84.3,81.9,48.3,34.4,84.6,0
33,1,1,0,3.2,1,9.3,1,1,1,1,1,117.8,122.5,96.2,120.2,87.6,82.9,80.0,40.3,33.6,89.5,1
62,2,0,0,1.2,1,7.1,0,1,1,1,1,129.8,131.7,98.6,130.8,83.9,84.8,77.7,40.8,28.3,79.6,0
46,2,0,0,1.4,1,10.0,0,0,0,0,0,134.4,129.2,96.1,131.8,97.7,98.1,87.5,43.7,39.0,89.1,0
62,1,0,0,0.0,0,6.5,0,1,2,1,0,131.6,133.7,98.4,132.6,87.0,93.8,83.4,39.3,33.7,89.6,0
45,1,0,0,1.2,1,7.0,1,0,1,1,0,134.7,115.7,85.9,125.2,81.3,85.3,83.5,40.6,29.2,73.9,0
31,1,0,0,2.2,0,9.0,0,0,0,0,1,138.6,137.9,99.5,138.2,90.0,89.0,92.2,46.9,33.2,99.6,0
33,1,1,0,3.3,1,4.9,2,2,1,3,2,114.1,111.7,97.9,112.9,72.0,82.0,80.5,37.9,24.8,79.9,2
55,2,0,0,1.3,1,6.5,1,1,1,1,1,133.3,131.4,98.6,132.4,93.5,88.5,81.5,41.9,27.1,91.8,1
58,3,0,0,2.5,1,7.0,1,1,2,0,1,130.3,127.4,97.8,128.9,86.7,87.2,83.9,46.0,36.0,94.5,1
43,0,0,0,2.9,2,5.9,1,2,1,1,2,126.6,125.6,99.2,126.1,77.6,78.5,79.2,36.9,28.3,80.5,1
63,0,0,0,2.0,0,8.5,2,1,1,1,2,110.1,114.7,96.0,112.4,81.9,79.5,78.1,40.6,32.2,90.1,1
33,3,0,1,1.4,1,7.4,2,1,1,1,0,127.5,129.2,98.7,128.4,72.8,78.0,85.3,43.3,31.0,79.2,1
54,2,0,0,4.2,0,8.6,0,1,1,0,0,137.0,132.4,96.6,134.7,96.6,88.3,80.3,39.6,33.0,90.9,0
39,2,0,1,4.2,1,5.6,1,2,2,1,1,124.4,115.7,93.0,120.0,83.9,80.1,63.3,37.1,29.4,74.8,2
46,0,1,0,3.4,2,4.8,2,2,2,2,3,100.4,119.0,84.4,109.7,74.2,77.7,65.2,40.5,21.9,77.3,2
55,1,0,0,3.7,1,7.2,1,2,1,1,1,134.5,130.4,97.0,132.4,87.8,90.3,88.9,39.8,35.0,90.0,0
43,2,0,0,2.2,1,7.5,1,1,1,0,1,140.4,133.7,95.2,137.0,82.1,93.9,82.5,45.1,32.3,87.0,0
50,2,0,0,1.9,0,7.0,1,2,1,1,1,112.3,121.8,92.2,117.0,78.3,76.1,81.5,39.5,29.8,86.5,1
68,1,0,0,1.7,1,8.0,1,2,1,1,0,127.4,128.2,99.4,127.8,75.8,85.0,78.8,45.3,32.2,88.6,1
47,0,0,0,2.3,1,9.0,2,1,1,1,2,134.1,131.2,97.8,132.6,87.6,88.6,86.7,36.9,30.8,88.7,0
65,1,0,0,3.1,2,6.0,2,2,1,2,2,118.9,133.5,89.1,126.2,87.1,80.5,78.2,38.9,30.6,94.2,1
40,1,0,0,0.0,1,8.7,1,1,0,1,1,127.9,126.7,99.1,127.3,86.7,82.5,83.8,37.6,32.2,87.3,0
61,1,0,0,4.4,2,6.7,2,2,1,2,0,128.9,120.1,93.2,124.5,86.3,90.4,83.5,38.0,32.9,92.4,1
73,3,0,1,2.7,2,6.4,1,2,1,2,2,118.0,115.6,98.0,116.8,87.3,78.4,76.0,36.9,29.8,87.8,1
22,1,1,0,2.6,1,7.9,0,0,0,1,0,132.2,145.8,90.7,139.0,82.4,77.2,87.7,42.1,30.8,80.4,0
44,2,0,0,2.8,0,7.7,1,1,1,0,0,135.8,133.7,98.5,134.8,98.0,86.8,83.3,38.5,33.6,95.5,0
62,0,0,0,2.5,1,7.3,2,2,2,2,1,130.2,131.4,99.1,130.8,86.7,79.0,76.5,38.1,29.1,86.0,2
52,2,0,0,2.6,1,8.0,1,1,1,0,0,134.1,133.6,99.6,133.8,91.3,96.0,80.1,43.4,28.1,88.6,0
59,3,1,1,5.3,3,3.7,3,3,3,2,2,106.2,101.6,95.7,103.9,75.7,74.3,66.9,29.1,26.7,73.2,2
47,0,0,0,0.0,1,6.4,0,0,0,1,1,127.5,121.0,94.9,124.2,93.4,85.0,81.3,40.0,31.3,90.3,0
56,0,0,0,1.3,2,7.4,0,1,1,1,1,123.8,129.7,95.5,126.8,89.4,85.1,89.2,49.3,33.3,94.2,0
52,1,0,1,3.8,1,5.8,0,1,1,2,2,126.8,119.0,93.8,122.9,88.4,79.4,68.9,39.5,27.8,78.9,1
70,0,0,0,2.7,2,5.5,1,2,1,1,2,121.0,113.5,93.8,117.2,80.2,92.6,82.9,33.6,27.4,90.1,1
58,2,0,0,2.3,1,6.9,1,1,1,1,1,131.8,126.2,95.8,129.0,86.9,86.6,71.7,35.9,34.1,78.7,1
59,3,0,1,3.7,2,6.5,1,1,2,1,0,123.1,128.9,95.5,126.0,91.3,76.3,83.2,40.8,33.3,75.4,1
49,1,0,0,3.1,1,6.6,1,2,2,2,1,118.9,120.1,99.0,119.5,69.7,80.8,74.9,39.7,30.6,85.7,1
48,1,0,0,2.5,1,6.2,2,2,2,1,2,123.0,109.7,89.2,116.4,83.7,80.5,80.4,36.8,31.1,87.5,1
49,1,0,0,2.6,1,6.6,1,0,1,0,1,128.5,133.0,96.6,130.8,91.0,80.1,82.4,48.0,34.2,85.9,0
60,2,0,0,3.3,1,6.0,1,2,1,2,2,115.1,116.9,98.5,116.0,74.2,72.8,71.6,47.1,30.5,71.1,1
49,0,0,0,0.0,0,8.1,0,1,1,1,1,142.5,137.0,96.1,139.8,90.6,90.1,91.5,41.5,29.9,81.1,0
58,1,0,1,5.0,2,6.1,2,2,2,2,1,109.8,111.8,98.2,110.8,72.7,72.6,77.0,39.0,29.0,78.8,2
81,1,1,0,6.3,2,3.9,3,2,3,2,3,111.6,111.1,99.6,111.4,73.5,78.5,70.9,36.7,28.9,71.7,2
66,1,1,1,6.5,2,2.4,4,3,3,3,3,107.5,111.2,96.7,109.4,68.6,70.2,62.9,35.9,26.9,75.9,2
50,0,1,1,6.3,3,4.5,3,2,2,3,3,101.1,125.2,80.8,113.2,68.6,71.4,74.1,32.8,27.2,73.8,2
70,2,0,0,0.0,0,10.0,0,1,0,0,1,132.2,137.8,95.9,135.0,99.3,78.9,82.5,50.2,36.0,89.1,0
49,0,0,0,2.1,1,8.7,1,2,1,1,1,128.0,116.9,91.3,122.4,85.9,92.2,72.4,41.5,31.9,88.9,0
28,0,0,0,0.0,1,9.2,0,1,0,0,1,130.0,131.9,98.6,131.0,93.0,90.7,79.1,44.7,36.4,95.9,0
41,2,0,1,2.3,2,8.3,0,1,1,1,1,139.1,120.4,86.6,129.8,93.8,83.2,78.3,41.3,35.5,93.4,0
30,2,0,1,4.2,0,8.7,0,1,1,1,1,125.6,114.2,90.9,119.9,81.3,79.9,77.8,40.3,28.4,84.8,1
50,0,0,0,1.0,0,8.6,1,1,0,1,0,133.9,133.0,99.3,133.4,87.1,93.4,80.6,42.1,34.9,86.9,0
55,0,0,0,1.1,0,8.2,0,2,1,1,1,132.2,132.3,99.9,132.2,85.0,80.3,81.1,37.9,37.8,90.7,0
76,0,0,0,1.9,1,7.9,1,1,1,1,1,126.2,125.3,99.3,125.8,83.0,81.2,77.0,34.1,32.4,80.2,1
59,1,0,1,3.4,1,5.2,0,1,2,3,1,121.4,131.3,92.5,126.4,92.7,83.9,67.4,38.2,32.7,85.3,1
52,0,1,0,3.9,2,3.1,2,3,2,2,3,118.8,99.1,83.4,109.0,77.5,82.6,72.7,33.0,26.1,74.1,2
65,0,0,0,2.9,1,7.2,0,0,2,1,2,120.8,118.2,97.8,119.5,86.7,82.6,79.6,42.0,30.1,84.3,1
26,1,0,1,2.8,1,7.6,1,0,1,1,0,139.2,127.2,91.4,133.2,89.9,81.8,79.4,42.6,31.6,86.7,0
58,2,1,0,3.9,1,5.6,2,1,1,2,2,112.7,132.1,85.3,122.4,83.6,80.1,84.5,38.6,29.0,81.8,1
65,1,0,0,1.1,0,7.4,1,1,1,1,1,127.9,116.9,91.4,122.4,74.3,86.7,78.1,43.9,27.4,92.6,1
35,2,0,0,2.3,0,6.3,1,1,1,0,0,123.8,133.8,92.5,128.8,100.0,93.2,85.4,42.5,32.6,86.6,0
69,0,0,0,1.8,0,8.1,0,1,1,0,1,133.3,135.8,98.2,134.6,84.4,82.3,90.9,39.1,35.9,88.8,0
59,3,0,0,3.4,1,6.5,1,1,1,2,1,126.0,136.0,92.6,131.0,93.6,84.1,73.3,39.6,28.0,91.7,1
49,2,1,1,6.2,2,2.0,3,3,3,2,4,103.3,115.2,89.7,109.2,74.7,65.2,68.4,37.4,26.8,74.1,2
63,2,0,0,1.7,0,9.6,0,1,1,1,0,130.6,125.5,96.1,128.0,90.1,91.6,88.7,36.6,33.2,92.4,0
84,2,0,0,3.5,0,5.7,1,1,0,1,0,117.6,121.7,96.6,119.6,83.7,85.9,80.6,40.1,30.7,79.6,1
57,3,0,0,3.2,0,7.6,1,0,0,0,0,126.5,125.5,99.2,126.0,100.0,83.0,78.6,44.2,34.3,90.3,0
58,1,0,0,0.8,0,8.7,1,2,0,1,1,132.8,124.3,93.6,128.6,91.0,93.8,81.1,49.6,33.4,91.4,0
49,0,1,0,5.2,1,6.0,2,2,1,1,1,116.3,131.1,88.7,123.7,78.6,79.8,75.7,40.8,28.0,75.0,2
43,1,0,1,1.5,0,6.8,0,1,1,0,0,126.6,138.5,91.4,132.6,85.9,87.7,73.5,42.4,35.3,91.1,0
65,2,0,1,2.8,1,7.3,1,2,1,2,1,131.1,138.6,94.6,134.8,80.1,81.3,72.5,41.1,32.1,82.0,1
43,2,0,0,1.0,1,7.3,0,1,1,1,0,118.1,122.7,96.3,120.4,85.2,83.5,90.6,34.5,35.2,81.2,1
55,1,0,0,1.2,1,10.0,1,0,0,1,1,129.2,139.3,92.7,134.2,84.4,85.1,86.9,39.0,32.6,93.4,0
48,0,1,0,3.9,2,5.0,2,2,3,2,2,108.8,114.5,95.0,111.6,79.0,71.9,79.5,37.8,27.0,81.3,2
61,1,0,1,3.7,2,5.2,2,2,2,2,2,119.6,110.7,92.6,115.2,75.1,84.1,79.0,37.6,28.3,78.9,2
59,3,0,0,0.0,0,8.3,0,0,0,0,0,138.2,132.2,95.7,135.2,98.6,88.3,90.6,45.2,37.4,94.9,0
68,1,0,1,4.2,2,4.1,2,2,2,2,3,112.2,109.7,97.8,111.0,81.2,73.6,71.2,36.2,27.7,82.9,2
48,1,0,0,1.4,1,6.9,1,1,1,1,1,118.5,119.1,99.5,118.8,87.5,85.3,85.3,41.6,32.1,85.2,0
51,1,0,1,3.2,1,7.8,3,1,2,1,2,127.3,112.6,88.5,120.0,85.5,88.7,85.8,39.4,35.3,84.0,1
42,1,1,1,3.3,3,4.6,2,3,2,2,3,110.1,119.0,92.5,114.6,78.4,81.0,75.9,32.5,24.4,73.4,2
49,2,0,1,2.0,2,6.7,1,2,2,1,1,121.0,118.8,98.2,119.9,74.1,78.6,78.3,37.9,30.9,76.0,1
59,2,1,0,4.7,2,6.7,2,2,1,2,2,110.6,119.1,92.9,114.8,86.4,83.6,73.3,33.1,28.5,75.7,2
64,2,0,0,2.4,1,4.0,1,1,2,1,0,116.2,107.5,92.5,111.8,81.0,81.8,80.8,37.1,29.7,76.3,1
43,1,0,0,3.0,1,8.8,0,1,0,0,0,137.6,134.3,97.6,136.0,90.6,81.1,80.1,44.9,29.7,88.7,0
66,1,0,1,3.3,1,6.5,1,3,2,0,2,111.6,119.6,93.3,115.6,86.3,79.3,81.2,38.6,28.8,78.5,1
72,0,0,0,3.5,1,7.0,2,2,1,1,2,116.8,116.9,99.9,116.8,70.9,89.0,75.8,41.3,29.7,76.0,1
60,2,1,1,8.9,3,1.2,3,3,3,4,4,105.6,114.3,92.4,110.0,61.8,77.2,60.7,31.2,25.2,69.4,2
79,1,0,1,4.9,2,3.5,2,2,2,2,2,113.5,115.2,98.5,114.4,78.2,75.9,65.5,33.9,29.4,77.5,2
44,1,0,0,2.9,2,6.5,2,2,2,2,2,117.7,126.0,93.4,121.8,81.3,77.4,74.9,35.3,25.4,79.1,2
38,1,0,1,4.8,2,8.0,1,2,1,1,2,124.8,120.9,96.9,122.8,82.8,78.2,72.1,36.4,26.2,82.6,2
31,3,0,0,1.2,0,9.8,0,0,1,0,0,138.8,149.5,92.8,144.2,92.8,85.9,96.0,44.3,35.4,87.4,0
74,0,0,0,3.4,1,7.2,1,2,1,1,1,120.6,136.0,88.7,128.3,86.8,76.8,72.3,39.9,31.3,78.5,2
63,2,0,0,3.6,1,7.1,0,2,0,1,0,128.6,126.1,98.1,127.4,86.7,81.0,83.8,41.2,28.1,87.7,0
54,1,0,0,0.6,0,8.1,1,0,1,2,0,138.0,135.5,98.2,136.8,98.8,88.8,82.2,45.4,36.0,96.0,0
58,1,0,1,3.8,3,4.9,1,2,1,2,1,121.2,118.5,97.8,119.8,75.0,79.9,76.3,33.3,29.4,77.8,2
40,0,0,0,2.8,1,6.2,1,2,1,2,1,137.2,119.5,87.1,128.4,83.3,81.9,81.3,42.4,32.8,80.5,1
86,1,0,0,2.2,1,4.3,2,1,1,1,2,120.7,133.0,90.8,126.8,79.5,80.4,69.2,35.7,28.3,87.1,1
56,1,0,0,2.6,1,6.2,1,2,0,2,1,124.2,130.1,95.5,127.2,86.7,87.2,73.6,43.1,27.8,87.4,1
56,0,0,1,6.0,2,4.3,2,2,2,3,3,105.8,105.7,99.9,105.8,75.1,75.3,68.2,37.7,27.4,77.2,2
64,1,1,0,4.1,2,5.7,2,2,2,1,1,118.7,99.6,83.9,109.2,79.4,79.0,70.2,32.5,29.0,86.2,2
61,3,0,1,2.9,1,6.7,1,1,2,1,1,134.3,124.4,92.6,129.4,79.8,81.3,79.7,41.7,29.9,92.7,1
57,0,0,0,1.7,1,8.0,1,1,1,0,1,135.3,116.7,86.3,126.0,85.4,93.6,84.5,44.5,31.3,88.9,0
44,2,0,0,1.1,0,8.7,0,0,1,0,0,132.3,140.1,94.4,136.2,91.9,87.0,81.9,47.3,38.1,88.2,0
61,1,0,0,2.2,1,7.4,1,1,0,1,0,131.6,126.0,95.7,128.8,78.9,90.0,85.1,39.9,28.6,90.8,0
79,2,0,0,2.9,2,5.3,0,1,1,2,1,119.1,118.1,99.2,118.6,74.4,80.6,79.5,41.2,29.5,81.3,1
72,1,0,1,5.1,2,3.5,1,2,2,2,2,102.6,102.9,99.7,102.8,73.4,75.4,69.4,36.7,25.9,79.5,2
75,0,0,0,3.0,0,5.8,1,1,1,1,2,125.2,127.8,98.0,126.5,70.3,85.6,76.9,42.1,31.1,80.2,1
48,0,0,1,4.2,2,6.2,1,2,1,1,1,115.5,122.9,94.0,119.2,79.1,84.9,78.7,39.2,31.3,78.9,2
42,0,0,0,0.5,1,8.9,0,1,0,0,1,124.8,136.8,91.2,130.8,86.9,84.9,92.5,40.8,34.9,83.9,0
53,0,1,0,5.2,3,5.4,2,2,1,2,3,113.8,129.1,88.1,121.4,77.6,69.5,75.3,38.4,30.3,75.8,2
55,2,1,1,3.9,3,4.2,3,4,3,3,3,104.7,117.7,89.0,111.2,67.6,67.8,74.8,36.6,27.3,72.3,2
69,2,0,1,5.1,3,4.8,2,1,2,2,4,104.0,114.1,91.1,109.0,84.5,81.4,66.1,35.8,23.9,80.3,2
32,2,0,0,1.7,0,7.9,0,0,1,1,1,121.3,136.3,89.0,128.8,94.9,98.8,82.6,40.6,29.2,90.5,0
74,2,1,0,5.0,2,4.5,2,2,1,2,2,111.9,112.4,99.6,112.2,70.4,81.8,77.1,34.7,31.6,78.1,2
52,0,0,0,1.1,0,6.5,0,1,0,1,0,121.9,135.4,90.0,128.6,87.7,80.7,92.1,46.3,35.5,85.5,0
49,1,1,0,5.4,2,5.4,2,2,2,2,1,99.2,110.2,90.0,104.7,82.2,78.8,74.4,38.2,29.0,73.2,2
41,1,0,1,3.8,2,6.9,0,1,1,0,1,132.8,136.7,97.1,134.8,81.8,79.1,76.0,40.4,29.4,77.9,1
33,0,1,1,6.6,2,3.1,2,3,2,2,1,109.5,100.3,91.6,104.9,74.1,72.8,68.8,34.6,26.6,81.4,2
65,1,0,0,3.4,1,5.2,1,2,2,1,2,118.4,112.3,94.8,115.4,88.2,81.3,79.0,33.2,28.9,80.5,1
55,1,1,1,5.1,2,3.7,3,2,1,3,1,110.4,132.6,83.3,121.5,72.7,77.2,71.1,35.4,25.2,83.6,2
38,1,0,0,3.3,1,7.3,0,1,1,1,2,120.3,128.6,93.5,124.4,91.7,84.8,77.8,37.2,32.4,85.0,0
38,1,0,0,0.5,1,8.5,1,1,1,1,1,130.8,126.0,96.3,128.4,82.4,82.2,81.1,41.7,37.4,76.8,0
50,2,1,0,4.4,2,4.5,3,2,2,2,2,112.1,130.6,85.8,121.4,61.8,81.5,72.7,39.7,26.9,74.0,2
76,2,0,0,3.8,2,4.8,1,1,1,1,1,121.2,128.2,94.5,124.7,91.3,81.1,75.5,37.4,34.6,84.7,1
51,1,0,0,2.0,0,8.3,0,0,1,1,0,130.3,143.9,90.5,137.1,93.0,94.8,91.1,43.7,31.3,90.4,0
35,3,0,0,0.7,1,9.1,0,0,0,1,1,131.0,137.1,95.6,134.0,96.4,84.2,86.7,47.5,30.7,96.3,0
51,3,0,0,0.0,0,7.7,0,0,1,2,1,128.6,136.3,94.4,132.4,83.4,87.9,83.9,42.7,35.2,89.0,0
51,1,1,0,3.7,1,5.1,2,2,2,2,1,116.7,129.7,90.0,123.2,74.8,73.2,81.3,36.3,28.9,78.0,2
20,1,0,1,1.2,1,8.0,1,1,1,1,1,127.2,134.0,94.9,130.6,93.7,81.9,82.9,41.7,35.6,82.8,0
54,1,1,0,2.7,1,7.2,1,1,1,2,1,126.4,123.4,97.6,124.9,86.6,81.3,86.0,43.3,35.1,82.8,1
51,3,0,0,0.9,0,7.7,0,0,2,1,1,129.4,119.8,92.6,124.6,87.4,93.7,78.4,42.5,31.7,90.4,0
64,2,0,1,4.2,1,4.7,2,2,2,3,3,111.2,115.1,96.6,113.2,75.3,81.0,73.0,35.1,30.7,78.6,2
79,0,0,1,3.3,2,3.7,3,3,2,2,3,114.6,112.1,97.8,113.4,81.1,78.3,74.4,38.3,24.9,70.3,2
69,1,0,1,5.9,2,4.3,3,1,2,2,3,116.3,110.0,94.6,113.2,79.8,76.3,68.5,37.6,25.8,81.2,2
51,1,0,0,2.1,1,8.4,1,2,1,2,1,131.5,131.3,99.8,131.4,82.8,84.7,80.1,36.7,34.1,87.5,1
40,1,1,0,3.7,2,6.5,1,2,3,1,2,114.4,103.5,90.5,109.0,73.8,86.4,76.2,40.2,25.9,76.2,2
88,0,0,0,4.7,2,5.6,2,4,2,2,2,109.7,104.0,94.8,106.8,79.1,79.7,73.7,38.9,28.1,77.4,2
55,2,0,0,1.1,1,8.5,1,0,1,0,1,131.3,135.8,96.7,133.6,81.7,84.7,84.3,37.2,34.9,87.6,0
55,2,1,1,3.5,1,5.2,1,3,2,3,2,116.4,119.6,97.3,118.0,70.0,83.3,67.8,29.1,31.2,70.6,2
54,2,0,0,0.2,0,9.2,0,0,1,1,0,128.8,134.1,96.0,131.4,96.7,91.9,85.2,39.5,32.1,82.5,0
57,2,1,0,2.8,1,4.4,2,1,2,2,2,123.5,112.3,90.9,117.9,85.4,81.5,85.1,38.1,32.4,83.1,2
53,2,0,0,2.4,1,7.7,1,1,0,1,1,122.6,130.0,94.3,126.3,88.8,82.9,87.8,44.2,29.2,84.0,0
47,1,1,0,2.5,2,6.0,1,2,2,2,1,123.7,133.7,92.5,128.7,75.6,78.1,81.8,36.1,28.5,89.0,1
47,1,0,1,5.3,2,7.7,2,2,1,2,1,119.6,117.6,98.3,118.6,89.9,78.5,76.1,40.0,30.4,89.3,2
54,0,1,0,5.5,2,5.9,2,3,1,2,2,105.6,121.3,87.1,113.4,82.1,79.1,84.0,27.8,29.3,79.3,2
47,2,0,0,3.0,1,6.7,1,2,1,1,1,124.9,127.0,98.3,126.0,84.9,88.9,87.2,41.5,29.2,90.6,0
45,0,0,0,2.9,1,6.8,1,1,2,2,2,135.5,120.7,89.1,128.1,80.3,74.5,79.0,38.0,35.2,77.4,1
56,2,0,0,3.5,1,7.7,1,1,1,1,0,129.7,123.2,95.0,126.4,87.5,75.6,83.8,47.5,27.4,79.8,0
51,0,0,0,1.1,1,8.6,1,1,1,0,0,146.0,126.9,86.9,136.4,87.2,82.7,82.8,36.8,33.2,88.2,0
74,0,0,0,3.1,0,5.4,1,1,2,1,1,113.4,118.6,95.6,116.0,93.7,79.5,80.5,39.1,30.9,75.8,1
20,0,0,0,1.2,0,8.9,0,0,0,0,0,138.8,144.3,96.2,141.6,89.1,94.7,89.3,37.4,29.2,91.8,0
69,0,0,1,3.9,1,6.1,1,1,0,1,1,106.4,125.3,84.9,115.8,77.0,79.9,81.8,37.3,33.6,78.1,1
71,2,0,1,5.7,2,4.7,3,2,2,1,2,110.6,106.7,96.5,108.6,82.6,76.2,70.4,30.3,25.7,75.7,2
28,2,0,1,1.7,1,6.6,1,1,1,0,1,131.0,130.7,99.8,130.8,83.3,86.7,74.5,47.7,32.0,84.8,0
50,1,0,1,3.2,2,5.2,1,1,1,3,2,123.7,120.5,97.4,122.1,84.2,74.5,77.6,36.9,30.4,83.2,2
50,0,0,0,4.0,1,7.3,1,2,1,2,1,115.9,120.4,96.3,118.2,85.1,88.1,81.3,38.1,26.5,83.0,1
36,0,0,0,1.9,0,7.3,1,1,1,1,1,139.4,132.9,95.3,136.2,90.0,84.7,80.7,42.6,30.6,87.5,0
44,0,0,0,2.1,1,6.1,1,1,1,1,1,122.6,124.4,98.6,123.5,80.3,91.5,80.5,36.9,35.3,77.8,1
40,0,0,1,1.6,1,6.3,1,2,1,1,2,120.6,119.1,98.8,119.8,82.0,80.6,85.0,42.1,30.1,82.7,1
77,2,0,1,3.9,1,4.6,3,2,2,2,2,113.4,108.8,95.9,111.1,72.6,76.3,68.7,39.1,22.1,69.6,2
67,0,0,1,4.5,2,4.7,2,2,2,1,1,110.7,119.7,92.5,115.2,79.3,73.3,74.3,40.4,28.5,85.5,2
71,1,1,0,7.7,3,3.7,3,3,1,3,2,115.3,116.9,98.6,116.1,75.3,73.1,75.7,30.2,26.2,74.3,2
64,0,0,1,2.9,1,3.9,2,2,2,2,2,116.8,105.2,90.1,111.0,87.4,89.6,75.8,40.7,29.6,82.8,2
40,0,0,0,1.9,2,6.1,1,1,0,0,1,132.8,115.5,87.0,124.2,80.1,86.1,78.6,43.6,26.5,80.1,1
48,1,0,0,0.1,0,10.0,0,0,1,1,0,143.6,126.2,87.9,134.9,91.9,91.8,88.3,43.4,34.2,94.0,0
61,1,0,0,4.7,2,6.6,2,1,1,1,2,114.7,118.5,96.8,116.6,78.9,77.3,81.7,41.3,28.0,77.9,1
39,0,0,0,2.6,1,6.2,1,0,2,2,2,132.2,130.7,98.9,131.4,86.0,86.2,79.4,40.9,31.7,84.9,1
64,0,0,0,2.1,0,6.9,2,1,1,1,1,125.7,112.8,89.7,119.2,75.4,82.7,82.0,34.6,31.9,77.7,1
51,1,0,0,2.4,1,8.2,1,0,0,2,0,123.1,116.1,94.3,119.6,83.0,85.5,84.4,41.0,33.3,86.6,0
50,0,0,0,2.2,1,7.9,1,1,1,1,0,127.7,130.1,98.2,128.9,76.2,85.7,82.0,38.6,34.7,77.3,1
64,0,0,0,3.4,2,4.7,2,2,1,1,2,106.9,109.0,98.1,108.0,69.2,67.2,76.2,36.4,33.6,75.6,2
60,3,0,1,1.0,0,8.6,1,1,1,0,0,138.8,122.9,88.5,130.9,84.2,85.2,81.6,44.5,29.4,78.7,0
50,1,0,0,4.3,1,4.9,1,1,1,1,1,130.0,131.1,99.2,130.6,93.1,77.4,75.8,35.2,30.3,93.0,1
70,1,0,0,2.6,1,6.3,1,1,1,2,2,127.0,121.8,95.9,124.4,88.0,84.8,84.4,39.5,33.7,86.6,0
40,1,1,1,4.8,2,5.0,2,1,2,3,2,120.7,95.3,79.0,108.0,76.7,72.7,72.2,33.7,27.8,76.4,2
63,1,0,1,3.5,2,6.0,1,2,1,0,1,108.6,112.1,96.9,110.4,86.6,75.9,73.8,35.5,22.6,83.0,2
62,1,0,0,2.5,1,6.4,1,1,0,1,2,122.9,134.5,91.4,128.7,88.2,78.0,84.6,38.4,31.3,79.2,0
50,2,1,0,3.6,2,6.4,1,1,1,0,2,119.0,114.3,96.1,116.6,83.9,86.3,84.0,38.8,33.1,77.4,1
59,2,0,0,1.5,0,7.7,1,0,0,1,0,146.5,134.4,91.7,140.4,87.8,84.6,84.8,44.3,29.7,92.1,0
38,0,0,0,2.7,1,6.7,1,1,1,2,1,118.9,130.5,91.1,124.7,81.7,80.3,80.7,41.2,31.8,85.2,1
67,1,1,0,3.9,1,7.4,1,2,1,1,1,111.9,109.2,97.6,110.6,76.1,89.3,72.7,39.7,25.7,78.7,1
52,1,1,1,5.6,2,4.8,2,2,2,2,2,98.9,126.3,78.3,112.6,69.6,75.9,68.2,36.2,28.9,76.0,2
48,2,0,0,0.3,0,7.2,1,0,1,1,2,137.8,130.0,94.3,133.9,88.3,77.4,86.2,49.6,33.7,90.5,0
68,1,0,1,2.7,1,5.1,1,2,1,1,1,117.2,111.1,94.8,114.2,83.5,87.8,77.7,39.1,28.7,84.0,1
45,1,0,1,1.4,1,5.8,1,2,0,2,2,119.8,122.7,97.6,121.2,81.5,89.0,75.9,41.8,29.0,83.3,1
36,0,1,1,5.6,2,5.9,2,2,1,1,2,123.6,129.3,95.6,126.4,78.7,87.6,80.3,41.0,25.9,76.9,2
34,1,0,0,2.2,0,7.6,0,1,1,1,1,131.6,136.6,96.3,134.1,85.3,91.0,85.5,47.9,35.6,88.7,0
62,0,0,1,2.3,2,7.4,2,2,1,1,2,122.9,121.2,98.6,122.0,84.3,75.8,91.3,40.7,28.3,72.7,1
38,1,1,0,3.2,0,6.3,1,3,2,1,2,123.0,126.2,97.5,124.6,78.5,80.0,78.1,35.8,31.1,78.2,2
77,0,0,0,2.2,1,7.1,1,1,1,0,0,121.2,117.3,96.8,119.2,85.6,75.3,66.0,40.6,28.5,82.2,1
27,2,0,0,1.8,0,7.9,0,0,0,0,0,137.3,128.4,93.5,132.9,84.3,86.7,83.4,45.2,40.1,96.0,0
77,0,0,0,2.3,1,6.9,1,2,1,2,2,119.9,119.1,99.3,119.5,81.8,73.9,78.9,40.4,33.4,82.5,2
57,1,0,1,3.2,1,3.6,1,3,2,1,1,127.1,119.0,93.6,123.0,86.2,78.3,75.3,36.5,35.6,78.4,1
53,2,1,0,3.3,2,6.9,2,1,2,2,2,115.2,110.5,95.9,112.8,84.3,81.2,74.4,42.2,35.4,77.0,1
47,0,0,0,1.8,1,9.4,0,0,0,1,2,116.0,133.8,86.7,124.9,90.0,86.4,80.1,43.1,31.9,96.7,0
60,1,1,0,4.5,2,4.5,3,1,1,2,1,117.4,106.5,90.7,112.0,81.1,74.0,70.6,38.8,26.0,75.1,2
54,1,0,0,1.7,1,7.3,2,2,2,1,2,125.3,117.8,94.0,121.6,74.7,78.8,78.1,39.3,34.9,81.3,2
69,0,0,0,5.0,2,4.2,2,2,2,2,2,110.7,117.7,94.1,114.2,73.5,81.8,72.5,35.4,26.9,78.0,2
56,2,1,1,4.2,2,4.4,3,2,2,2,3,111.9,90.7,81.1,101.3,73.5,85.5,66.0,36.0,29.5,74.2,2
56,0,0,0,3.2,2,6.7,2,0,2,2,1,118.3,115.2,97.4,116.8,87.5,79.1,82.4,41.0,28.8,81.3,1
50,1,0,0,2.1,0,10.0,0,1,0,1,2,139.4,140.6,99.1,140.0,82.4,91.6,81.8,49.7,32.6,90.1,0
54,1,0,0,1.6,2,7.5,2,2,2,2,1,126.0,124.5,98.8,125.2,76.5,76.7,80.0,32.7,32.2,79.0,1
59,1,1,0,3.9,2,5.5,2,2,2,3,2,113.3,98.9,87.3,106.1,85.0,80.1,74.5,37.8,23.2,77.0,2
32,2,0,0,0.0,1,8.1,0,0,0,0,0,150.0,136.3,90.9,143.2,80.9,88.0,83.5,44.2,36.2,83.0,0
37,1,0,0,2.0,1,7.3,1,1,2,1,1,117.1,122.0,96.0,119.6,89.7,80.6,76.1,40.0,32.9,83.4,1
64,0,0,1,4.9,1,4.5,2,2,2,2,2,117.0,116.7,99.7,116.8,74.9,88.0,76.6,30.0,27.6,81.0,2
57,2,0,0,1.4,0,8.7,2,1,1,0,1,123.6,134.2,92.1,128.9,89.8,79.8,81.2,43.7,32.7,90.0,0
52,1,1,0,4.6,1,5.5,2,2,2,2,3,121.3,116.1,95.7,118.7,85.5,65.8,73.8,36.8,29.4,85.4,2
55,2,0,0,0.4,0,7.3,0,1,1,1,0,124.3,131.6,94.5,128.0,92.2,92.1,89.5,40.5,34.0,94.1,0
59,2,0,1,4.5,1,5.3,2,1,1,2,2,107.3,106.9,99.6,107.1,85.1,75.8,76.7,37.1,30.4,79.9,2
47,2,0,0,1.5,2,7.9,1,0,0,0,0,132.0,135.7,97.3,133.8,89.7,86.3,82.8,42.8,31.9,91.4,0
44,1,0,0,0.2,1,8.7,1,1,0,0,0,136.3,138.8,98.2,137.6,89.6,100.0,86.4,38.1,40.4,88.3,0
57,1,1,1,5.5,3,3.9,2,1,1,2,2,109.0,117.5,92.8,113.2,80.0,79.7,67.9,36.3,27.5,78.6,2
42,2,0,0,1.9,1,7.7,1,0,1,1,1,125.6,124.8,99.4,125.2,85.3,85.4,87.4,43.2,31.9,88.5,0
60,1,1,0,4.7,1,6.6,1,2,2,1,2,117.7,146.8,80.2,132.2,83.3,76.1,84.2,36.4,34.5,78.2,2
32,0,0,0,0.3,0,9.0,0,0,1,0,0,135.9,131.9,97.1,133.9,99.1,92.7,84.1,44.9,29.7,87.9,0
68,2,0,0,2.4,1,7.1,0,1,1,1,0,137.3,120.9,88.1,129.1,91.3,76.6,82.5,41.5,36.9,86.1,0
61,2,1,0,3.8,2,5.9,2,1,2,1,1,121.9,140.1,87.0,131.0,71.8,76.5,80.5,40.9,29.6,85.2,2
58,1,0,0,1.3,0,8.8,1,0,1,0,1,129.7,126.0,97.1,127.8,87.6,87.0,84.8,42.0,31.6,89.1,0
67,0,0,0,2.4,0,6.2,1,1,1,0,2,140.0,117.8,84.1,128.9,87.7,85.7,84.8,43.3,29.0,85.9,0
76,1,1,0,7.0,4,3.3,3,3,2,3,3,105.6,125.7,84.0,115.6,68.0,69.6,66.5,31.8,22.3,71.7,2
68,2,0,0,0.6,1,9.0,2,0,2,1,0,123.7,135.1,91.6,129.4,88.2,82.4,78.1,47.5,31.5,89.6,0
31,3,0,1,3.1,1,8.4,1,1,1,0,1,131.9,128.2,97.2,130.0,89.8,91.0,84.4,40.5,33.2,88.9,0
38,0,0,1,1.0,1,6.7,1,1,2,1,2,126.4,122.6,97.0,124.5,80.8,74.0,84.9,37.4,32.3,82.8,1
46,0,0,1,2.5,1,6.9,1,1,2,1,2,117.2,118.7,98.7,118.0,81.2,79.8,79.7,38.6,30.9,79.3,1
55,2,0,0,2.3,1,7.6,1,1,1,0,1,120.1,121.2,99.1,120.6,79.7,81.5,89.4,38.4,30.3,90.1,1
61,1,0,0,3.6,2,7.1,2,1,1,2,2,122.1,106.2,87.0,114.2,79.9,86.3,69.4,35.2,33.7,79.8,1
45,1,0,0,3.1,1,6.0,0,1,1,0,2,129.0,132.8,97.1,130.9,81.3,84.6,86.3,44.3,39.4,96.1,0
57,3,0,0,0.0,0,7.2,1,0,0,0,0,144.7,137.9,95.3,141.3,92.7,91.8,84.1,34.5,37.7,92.1,0
45,0,0,1,4.0,2,6.0,3,2,2,2,2,118.6,117.2,98.8,117.9,76.2,78.6,69.2,34.4,27.5,77.4,2
47,1,0,0,0.0,1,6.2,0,1,1,0,0,125.9,134.5,93.6,130.2,83.3,76.9,90.2,37.6,33.6,91.1,0
36,0,0,0,3.0,2,6.9,1,3,1,2,2,125.3,125.2,99.9,125.2,92.0,81.6,77.7,39.8,32.0,79.4,1
42,1,0,0,0.3,1,9.1,0,0,1,0,0,147.6,134.9,91.4,141.2,93.8,83.3,88.2,38.4,39.0,96.9,0
37,2,0,0,2.8,1,7.3,1,0,0,0,1,124.5,134.2,92.8,129.4,91.5,89.6,87.2,44.3,32.3,89.9,0
42,1,1,0,4.9,1,5.1,3,2,2,2,2,106.2,127.7,83.2,117.0,72.7,72.2,61.6,37.9,25.5,77.9,2
68,3,0,0,2.9,0,7.8,0,1,1,2,2,129.1,120.0,93.0,124.6,85.4,91.6,89.9,36.5,35.1,83.5,0
42,1,0,0,2.0,1,10.0,0,1,0,0,1,131.8,128.9,97.8,130.4,90.8,86.2,94.2,42.8,33.9,85.1,0
88,1,1,1,6.6,3,1.8,3,3,3,3,3,99.0,90.2,91.1,94.6,65.2,64.5,68.7,33.2,21.9,58.2,2
61,0,0,0,0.9,1,8.6,0,1,0,2,2,124.5,125.6,99.1,125.0,85.6,90.1,83.4,43.4,33.3,82.8,1
57,1,0,1,3.8,1,6.4,1,1,1,2,2,117.9,125.7,93.8,121.8,85.1,75.9,76.1,34.0,34.5,78.3,2
43,1,0,1,1.3,1,6.0,1,2,2,2,1,125.9,128.4,98.1,127.2,81.1,86.9,74.2,34.8,29.1,79.9,1
64,0,0,0,3.7,1,7.9,1,1,1,1,2,132.7,116.7,87.9,124.7,78.6,86.1,87.0,44.9,29.2,84.2,1
47,1,1,1,5.7,1,4.2,2,2,2,2,4,102.9,78.9,76.7,90.9,63.7,70.3,72.8,31.3,26.4,71.9,2
56,1,1,0,5.5,1,5.2,3,2,2,2,2,129.7,122.9,94.8,126.3,85.0,70.8,76.4,35.3,30.4,80.2,2
88,2,0,1,4.5,2,4.8,2,2,1,2,2,123.0,115.2,93.7,119.1,79.8,81.5,73.3,37.5,27.5,78.0,2
53,2,0,0,2.7,2,6.5,1,1,1,0,1,134.0,118.8,88.7,126.4,88.7,86.4,82.6,36.9,34.3,88.1,1
69,2,1,0,4.2,1,4.7,1,1,3,1,2,120.5,96.1,79.8,108.3,76.8,74.6,72.6,36.6,29.7,82.2,2
45,0,1,0,3.1,1,7.1,1,1,2,2,0,133.6,128.8,96.4,131.2,75.6,82.5,90.8,41.6,32.8,83.3,1
54,0,0,0,1.6,1,7.3,1,1,1,1,1,126.6,126.3,99.8,126.4,85.5,90.3,81.2,36.9,30.2,86.7,0
78,2,0,1,4.7,2,5.1,1,1,2,3,2,109.9,108.9,99.1,109.4,77.2,78.0,71.9,35.3,25.5,82.2,2
46,1,0,0,0.1,1,8.8,0,0,0,1,1,131.1,136.5,96.0,133.8,85.4,89.9,92.0,39.7,32.7,93.7,0
78,0,1,0,3.7,2,4.9,2,2,2,2,2,105.8,122.8,86.2,114.3,68.2,80.7,71.9,33.4,24.5,68.1,2
64,2,0,0,3.1,1,6.2,2,1,1,1,0,129.8,119.0,91.7,124.4,78.8,93.3,82.9,45.0,33.2,86.0,0
47,2,0,1,5.3,2,6.2,2,2,2,2,2,115.4,114.8,99.5,115.1,80.0,76.0,80.3,40.6,23.2,67.7,2
63,1,0,0,0.5,0,9.2,1,0,1,1,0,138.6,146.0,94.9,142.3,87.2,83.8,91.7,44.9,33.2,83.2,0
67,0,0,0,4.6,1,6.4,1,2,2,1,1,123.1,133.7,92.1,128.4,84.9,75.7,82.9,41.1,30.0,80.4,1
63,2,0,0,3.3,2,6.4,1,2,2,2,2,120.2,119.2,99.2,119.7,78.8,76.6,69.8,39.8,27.2,79.9,2
34,1,1,1,5.8,2,5.2,2,2,2,2,1,124.4,126.3,98.5,125.4,80.0,72.2,75.5,34.5,27.6,74.9,2
45,2,0,0,2.2,1,8.3,2,2,0,1,1,132.1,123.8,93.7,128.0,88.7,76.8,77.6,41.9,32.1,77.5,0
51,2,0,0,0.8,1,8.3,1,1,1,0,1,135.2,135.6,99.7,135.4,86.7,95.2,81.2,37.7,35.6,91.1,0
54,2,0,0,3.2,1,8.9,0,0,0,1,1,133.4,141.8,94.1,137.6,90.3,90.2,86.0,39.6,30.4,85.4,0
63,1,0,1,3.3,1,8.6,1,2,1,1,1,117.1,118.3,99.0,117.7,85.3,81.7,81.4,40.4,32.5,87.8,1
57,0,0,0,2.6,2,7.6,1,1,2,1,1,113.1,137.7,82.1,125.4,80.9,82.5,83.1,36.6,32.3,80.1,1
37,2,0,0,1.2,0,8.9,0,0,1,1,1,149.7,137.4,91.8,143.6,98.0,81.4,92.1,40.3,34.2,89.7,0
59,1,0,0,1.4,1,6.6,1,1,0,1,1,126.6,139.2,90.9,132.9,85.8,91.8,87.7,39.5,31.1,89.5,0
62,2,0,1,4.1,2,7.9,2,2,1,1,2,117.5,131.5,89.4,124.5,81.6,71.3,71.3,42.3,27.4,80.0,1
62,0,0,1,3.2,3,3.7,3,3,2,2,2,109.2,104.8,96.0,107.0,65.6,75.8,81.3,39.1,31.5,73.7,2
69,0,0,0,3.9,2,4.1,3,3,1,2,3,114.5,105.9,92.5,110.2,76.5,66.1,71.6,35.5,27.9,76.6,2
65,2,1,0,5.2,1,3.6,2,2,1,2,2,119.7,99.1,82.8,109.4,75.1,75.8,80.6,38.8,28.0,70.9,2
60,2,1,0,3.2,1,6.4,1,2,1,2,2,130.6,138.8,94.1,134.7,78.8,86.6,64.7,36.8,35.2,83.3,1
54,3,0,0,0.8,0,9.0,0,0,1,0,0,145.4,145.9,99.7,145.6,88.3,81.7,86.4,37.6,34.6,86.9,0
33,2,0,0,0.0,1,6.7,1,0,1,1,1,127.9,126.2,98.7,127.0,89.4,87.0,78.1,39.9,39.5,83.7,0
60,1,1,0,7.3,2,4.5,2,2,2,3,3,114.0,88.3,77.5,101.2,63.0,76.7,65.5,33.7,23.4,69.6,2
57,2,0,0,3.0,1,7.2,1,1,0,1,1,127.4,133.7,95.3,130.6,91.3,88.3,83.7,42.0,31.8,91.3,0
58,2,1,1,3.1,2,8.8,2,2,1,1,1,119.8,138.4,86.6,129.1,81.4,81.1,76.0,38.4,26.6,73.3,1
38,1,1,0,3.3,1,5.3,2,2,1,1,3,112.3,140.3,80.0,126.3,78.0,82.2,83.1,37.2,29.3,83.4,2
40,1,0,0,3.3,2,6.8,1,1,1,1,1,116.7,121.6,96.0,119.2,78.2,81.3,90.5,39.0,31.3,87.1,1
68,0,0,0,3.9,0,6.7,0,1,1,1,1,128.9,129.9,99.2,129.4,89.6,95.3,78.2,42.4,31.1,87.2,0
54,1,1,0,5.0,1,6.8,1,1,1,2,1,111.1,113.8,97.6,112.4,75.8,70.5,72.8,33.3,29.2,80.1,2
63,2,0,0,4.8,1,6.5,1,2,2,1,1,130.6,123.2,94.3,126.9,91.2,89.1,75.3,42.5,30.2,82.8,1
55,1,0,0,1.2,0,6.6,1,0,1,0,1,125.9,128.2,98.2,127.0,88.9,85.7,87.9,39.2,31.6,89.3,0
55,0,0,0,1.1,1,8.3,1,2,2,1,1,130.8,136.3,96.0,133.6,95.0,88.6,83.7,47.6,30.3,84.6,0
67,1,0,1,3.7,2,3.2,2,2,3,2,3,119.7,113.3,94.7,116.5,76.0,79.4,72.0,34.7,31.3,67.2,2
48,0,0,1,3.8,2,6.8,1,2,2,1,1,111.9,122.3,91.5,117.1,87.1,83.6,79.3,37.3,27.3,81.0,1
56,0,0,0,1.6,1,9.9,0,1,0,1,0,127.4,121.5,95.4,124.4,91.6,83.1,83.2,40.6,33.4,92.6,0
48,1,1,0,1.9,0,8.0,1,1,1,1,0,129.3,107.0,82.8,118.2,84.6,83.7,78.2,39.7,29.0,88.7,0
49,3,0,0,3.1,0,7.9,2,1,1,0,0,128.8,125.5,97.4,127.2,86.9,77.1,81.9,42.5,29.6,94.5,1
50,1,0,0,3.7,1,7.9,2,1,0,1,1,132.5,116.0,87.5,124.2,81.1,82.3,79.7,40.2,29.6,83.5,1
57,0,0,0,1.1,1,8.5,1,1,2,1,1,129.7,129.3,99.7,129.5,94.7,84.6,81.9,42.9,30.7,83.1,1
48,0,0,1,2.7,1,7.4,1,2,1,1,2,121.5,111.9,92.1,116.7,81.3,83.9,69.7,40.2,30.6,80.4,1
71,2,0,1,4.4,2,6.3,1,1,1,2,1,120.9,122.5,98.7,121.7,80.7,81.8,77.6,38.2,26.9,76.4,2
43,1,1,1,3.5,2,6.4,3,2,1,1,1,119.0,121.8,97.7,120.4,81.0,69.8,71.9,38.6,28.1,76.6,2
52,2,1,0,2.3,2,5.5,2,2,1,2,0,113.1,132.1,85.6,122.6,77.0,78.6,79.2,42.7,27.9,76.9,1
49,2,0,1,2.4,1,8.8,0,1,0,1,1,130.8,137.4,95.2,134.1,95.9,83.9,89.3,44.3,30.3,77.1,0
73,2,0,1,2.3,2,4.9,1,2,1,2,1,120.9,121.3,99.7,121.1,75.7,73.5,74.1,39.1,32.6,77.6,2
57,1,0,0,1.7,2,7.1,1,1,2,1,2,130.9,125.4,95.8,128.2,80.5,80.9,88.4,42.4,28.5,86.3,0
68,2,0,0,3.3,1,3.5,1,2,1,1,1,117.5,136.7,86.0,127.1,82.5,82.2,70.5,36.0,30.9,86.1,1
35,1,0,1,2.1,2,7.2,0,1,2,1,1,116.8,118.4,98.6,117.6,77.8,90.0,87.8,47.6,35.3,80.9,1
58,3,0,0,3.1,1,6.6,1,2,1,0,1,125.3,128.1,97.8,126.7,93.6,79.5,87.7,42.2,34.6,82.5,1
66,1,1,0,4.9,3,5.2,2,2,2,2,1,120.4,120.8,99.7,120.6,72.1,68.1,65.6,36.6,28.1,78.6,2
56,1,0,0,4.5,1,6.8,1,1,2,2,0,117.4,129.6,90.6,123.5,66.7,78.7,74.4,39.1,30.5,75.8,1
68,1,0,0,3.0,2,7.5,1,1,1,1,1,128.9,130.8,98.5,129.9,83.5,83.1,71.0,32.2,32.2,81.3,1
48,0,0,0,2.9,1,6.2,1,1,2,2,1,136.7,130.1,95.2,133.4,88.9,90.7,86.5,40.0,32.7,90.4,0
73,2,0,1,4.1,1,7.2,1,2,2,2,1,120.8,125.6,96.2,123.2,79.4,80.2,75.9,38.9,33.6,77.7,1
84,0,0,0,3.7,3,7.2,1,3,1,2,2,110.6,113.2,97.7,111.9,70.7,70.0,71.9,34.2,28.2,69.8,2
50,1,0,0,1.2,1,7.0,1,1,1,1,2,124.3,125.0,99.4,124.6,81.5,74.9,72.4,36.3,32.7,90.2,1
49,1,0,0,2.6,2,8.1,0,1,1,1,1,128.5,122.2,95.1,125.4,83.8,85.6,91.0,39.8,31.0,89.7,0
73,2,1,0,5.9,2,3.8,3,2,2,2,4,101.0,99.1,98.1,100.0,66.7,77.3,63.6,36.2,31.1,76.0,2
75,2,0,0,2.2,1,7.4,0,0,1,1,0,126.7,130.8,96.9,128.8,83.2,95.6,84.2,45.7,32.2,87.4,0
48,2,1,0,2.2,2,7.9,1,2,1,1,1,128.8,142.5,90.4,135.6,86.2,78.0,82.2,41.0,27.4,88.1,1
49,2,0,0,1.8,1,5.7,1,0,0,1,1,132.5,126.2,95.2,129.4,90.5,85.1,79.7,39.0,31.9,73.0,1
51,0,0,0,4.5,1,6.5,1,1,0,2,1,123.4,122.7,99.4,123.0,87.2,78.3,77.6,39.1,33.2,82.2,1
37,0,1,0,2.9,2,3.3,2,2,1,2,1,114.0,95.6,83.9,104.8,68.7,72.6,71.9,36.9,32.6,82.0,2
43,2,0,0,2.1,0,7.5,1,1,1,1,1,136.3,131.8,96.7,134.0,92.7,82.6,87.9,43.1,30.5,82.0,0
41,1,0,0,0.3,0,9.2,0,1,0,0,0,133.7,134.7,99.3,134.2,95.2,87.3,84.9,44.6,29.3,88.9,0
45,1,0,0,1.3,0,8.4,1,0,0,1,0,129.0,116.9,90.6,123.0,95.6,82.2,92.3,40.7,33.9,89.6,0
54,0,0,1,2.4,1,6.8,0,2,1,2,0,119.7,120.5,99.3,120.1,79.3,95.2,76.1,41.4,32.1,79.7,1
58,1,0,0,0.7,0,8.2,1,2,0,1,0,126.8,133.9,94.7,130.4,88.8,84.7,88.3,43.6,29.3,88.4,0
75,0,0,0,4.7,1,3.5,2,2,1,1,2,132.0,121.2,91.8,126.6,81.2,83.0,65.9,36.0,28.1,80.2,2
42,2,0,0,3.4,2,7.2,0,2,1,1,1,127.5,126.6,99.3,127.0,84.5,82.1,78.9,36.1,31.4,88.1,0
67,0,0,0,3.8,2,5.5,2,1,1,2,1,128.9,128.5,99.7,128.7,84.5,92.0,73.7,36.0,32.2,79.4,1
52,1,1,1,4.0,2,5.0,2,2,2,2,2,127.6,98.0,76.8,112.8,79.3,80.6,70.1,42.3,28.2,75.1,2
54,0,0,0,1.2,1,7.9,1,2,1,0,1,126.2,128.7,98.1,127.4,82.0,88.8,83.3,35.8,30.7,87.7,0
63,2,1,0,3.5,1,5.6,2,1,1,0,1,124.7,143.8,86.7,134.2,79.1,78.9,78.3,43.2,30.8,84.3,1
40,1,0,0,4.6,1,6.5,0,0,1,1,1,126.6,129.9,97.5,128.2,91.6,88.7,69.7,35.2,28.0,86.3,1
59,2,0,0,1.2,0,5.8,0,0,1,0,2,121.0,135.8,89.1,128.4,83.6,88.2,94.0,39.6,37.4,88.4,0
57,2,1,1,3.9,2,4.9,1,3,2,2,1,105.9,122.9,86.2,114.4,72.0,75.7,75.1,35.8,31.0,79.5,2
61,1,0,0,1.9,1,5.9,2,1,1,1,1,125.9,126.2,99.8,126.0,86.8,78.2,80.8,45.6,29.6,89.0,1
58,3,0,0,0.7,0,8.4,1,0,1,0,0,130.4,141.5,92.2,136.0,90.0,86.7,92.1,42.8,30.4,91.0,0
86,3,0,0,1.3,2,4.5,2,1,2,2,1,127.7,114.1,89.4,120.9,72.1,76.6,79.9,36.6,26.4,79.0,2
46,2,0,0,1.3,0,8.7,1,1,0,1,0,133.3,128.6,96.5,131.0,88.7,93.2,85.1,40.4,35.1,87.9,0
48,2,0,1,1.1,1,7.4,1,0,1,1,1,140.5,127.3,90.6,133.9,83.2,84.3,73.1,42.9,29.6,93.6,0
46,0,0,0,0.0,0,10.0,0,0,1,0,0,134.4,135.3,99.3,134.9,89.9,80.8,91.1,42.6,33.7,86.6,0
47,1,1,0,4.3,2,6.5,2,2,2,2,1,131.1,102.5,78.2,116.8,93.5,83.4,72.2,37.6,25.6,79.6,2
46,0,0,0,0.6,1,6.0,1,0,1,1,0,133.3,120.4,90.3,126.8,86.7,92.8,90.0,40.7,33.9,85.1,0
70,0,1,0,3.5,1,4.4,1,2,2,2,2,121.3,131.8,92.0,126.6,75.4,70.8,72.1,39.9,30.8,70.4,2
73,3,1,0,6.4,2,4.6,2,3,2,2,3,108.1,135.2,80.0,121.6,85.2,84.2,69.4,37.8,27.2,76.9,2
47,1,0,0,0.9,1,6.2,1,1,1,1,0,129.9,129.9,100.0,129.9,90.1,91.1,74.6,37.9,32.0,84.1,1
44,2,0,0,0.0,0,5.2,1,1,1,1,1,142.2,130.4,91.7,136.3,93.2,84.2,78.6,40.5,35.0,89.0,0
61,2,1,0,5.2,2,6.0,1,2,2,3,2,110.8,95.6,86.3,103.2,71.2,69.9,71.4,33.5,28.2,74.6,2
47,2,1,0,4.9,2,6.5,1,1,3,2,2,116.3,120.1,96.8,118.2,86.0,84.7,75.2,38.5,31.4,83.6,2
63,3,0,1,1.1,2,7.3,2,2,2,2,2,122.8,121.5,98.9,122.2,88.2,76.0,77.6,42.6,28.1,88.1,1
57,0,0,0,2.2,0,7.1,1,0,0,1,1,139.2,123.4,88.6,131.3,88.5,82.5,93.6,42.2,33.3,81.6,0
35,0,0,0,2.8,0,7.7,1,1,1,1,1,132.2,136.7,96.7,134.4,77.4,77.9,84.8,34.2,32.2,94.3,0
75,1,0,0,1.3,1,5.4,1,2,2,2,1,129.0,121.6,94.3,125.3,81.3,80.6,77.5,40.8,33.0,79.9,1
78,0,0,0,4.5,1,6.0,1,2,1,1,1,120.6,116.1,96.3,118.4,89.0,87.0,62.7,34.0,29.7,83.0,2
47,0,0,0,2.4,1,7.1,0,1,1,1,1,131.5,126.5,96.2,129.0,90.0,88.8,88.6,40.0,32.5,89.2,0
49,1,0,1,3.5,1,7.2,1,2,1,1,1,120.4,118.7,98.6,119.6,77.9,84.2,90.9,38.4,28.0,80.1,2
58,2,0,0,2.7,2,6.5,0,1,1,0,0,138.1,126.5,91.6,132.3,88.1,85.4,83.8,42.0,36.6,91.3,0
59,1,0,0,3.4,2,8.4,2,1,1,1,2,125.2,126.0,99.4,125.6,85.0,84.7,77.5,43.3,25.7,91.9,1
63,1,0,0,3.8,2,5.9,2,0,1,2,2,127.0,120.2,94.6,123.6,76.4,73.6,77.3,36.2,30.9,84.0,2
81,2,0,0,2.1,2,6.5,2,0,1,2,2,127.5,129.6,98.4,128.6,84.6,83.0,73.5,37.3,31.2,83.2,1
52,0,0,0,0.2,0,8.5,1,0,1,0,1,118.7,125.2,94.8,122.0,97.5,84.3,87.9,41.8,32.8,89.1,0
44,0,0,1,2.6,2,7.6,0,1,1,1,1,130.0,118.2,90.9,124.1,91.1,82.3,87.7,42.9,30.3,81.1,1
37,2,0,0,2.4,0,9.0,1,0,1,1,1,121.8,139.1,87.6,130.4,83.9,84.7,79.9,43.4,32.2,90.6,0
45,1,0,0,1.6,1,7.9,0,1,1,0,1,133.9,131.6,98.3,132.8,93.6,83.9,79.6,41.6,33.3,89.6,0
54,2,1,0,1.3,1,5.2,2,2,1,2,1,125.4,99.2,79.1,112.3,85.0,90.9,76.9,42.4,27.9,79.2,1
78,0,0,0,4.4,2,6.4,1,1,1,1,1,123.7,118.7,96.0,121.2,85.5,90.2,75.9,42.5,30.7,88.7,1
48,2,0,0,2.1,0,9.4,2,0,1,1,1,132.0,125.8,95.3,128.9,89.4,92.6,75.3,43.7,33.0,92.0,0
57,1,0,0,1.3,1,9.2,1,1,0,0,1,137.1,133.3,97.2,135.2,83.8,95.4,82.0,38.4,30.2,96.9,0
54,1,1,0,5.0,1,6.3,1,0,2,2,3,113.3,145.5,77.9,129.4,76.6,85.3,72.0,39.6,30.2,74.5,2
70,1,0,0,3.8,0,8.0,1,1,1,1,2,131.4,132.1,99.5,131.8,89.9,84.1,88.3,40.0,32.5,84.7,1
87,2,0,0,0.0,1,7.6,1,1,1,2,1,131.8,119.9,91.0,125.8,78.4,82.5,86.1,38.8,29.1,83.1,1
48,1,0,0,1.8,1,9.3,1,1,1,1,1,142.5,131.2,92.1,136.8,84.2,88.5,91.8,40.3,30.0,100.0,0
48,1,0,0,0.2,0,7.4,1,0,0,1,0,124.1,127.0,97.7,125.6,90.1,85.6,88.1,41.5,30.6,88.0,0
68,3,0,0,2.6,1,6.0,0,1,0,2,2,130.2,124.7,95.8,127.4,82.6,79.7,83.3,39.1,32.2,92.3,0
63,2,0,0,2.5,1,7.2,1,1,1,0,1,120.2,132.0,91.1,126.1,89.4,85.3,76.7,40.9,31.2,90.0,1
79,1,0,0,1.1,1,8.2,0,0,0,1,0,131.3,138.7,94.7,135.0,89.4,82.6,94.9,43.6,37.8,91.8,0
62,2,0,0,1.1,1,6.9,1,1,1,1,0,133.0,139.6,95.3,136.3,89.9,87.4,85.9,42.7,31.8,88.3,0
50,1,0,1,1.2,1,5.7,2,2,1,2,1,122.5,116.2,94.9,119.4,84.2,76.6,72.3,40.8,28.2,84.9,1
62,0,0,0,3.5,1,8.0,1,2,2,2,1,123.9,121.6,98.1,122.8,76.7,78.2,70.8,36.6,30.8,85.2,2
69,1,1,0,4.1,2,5.9,2,1,2,1,1,116.4,90.4,77.7,103.4,78.9,80.4,70.0,35.8,27.1,79.1,2
65,3,0,0,3.2,1,7.7,1,1,1,1,1,126.8,125.5,99.0,126.2,83.1,83.0,71.9,34.9,29.9,83.4,0
61,3,1,0,3.5,2,3.6,2,3,1,2,3,114.2,116.0,98.4,115.1,76.2,68.0,74.7,38.4,26.2,80.9,2
68,1,0,0,2.8,1,5.9,2,1,1,1,0,124.5,132.1,94.2,128.3,83.1,80.1,77.2,41.9,24.9,81.5,0
70,1,0,0,2.5,2,5.5,1,3,1,1,2,117.3,121.9,96.2,119.6,81.2,83.6,74.5,38.5,31.7,83.3,1
72,0,0,0,3.0,1,8.3,2,1,2,3,1,131.3,115.2,87.7,123.2,88.1,80.2,80.4,43.5,33.4,89.2,1
63,3,1,0,2.7,2,6.6,1,2,2,2,2,117.9,91.9,77.9,104.9,76.3,83.9,77.1,35.0,32.5,83.8,1
52,3,0,0,1.0,0,9.3,0,1,1,1,0,142.3,125.3,88.1,133.8,89.3,89.3,83.4,43.6,38.5,88.1,0
56,1,0,1,4.0,1,7.1,1,2,2,1,2,125.6,125.2,99.7,125.4,85.1,80.5,86.1,36.2,34.2,77.2,1
70,2,0,0,3.4,3,4.3,2,1,2,2,1,104.0,112.6,92.4,108.3,66.1,78.2,65.3,38.2,27.4,82.4,2
44,2,0,0,1.4,0,8.9,2,1,1,1,1,131.4,122.9,93.5,127.2,96.2,81.8,75.1,34.5,34.8,85.4,0
59,1,0,0,3.4,1,5.7,1,2,0,2,2,124.5,132.2,94.2,128.4,87.4,83.2,80.4,41.3,30.0,77.3,1
49,0,0,0,5.0,1,8.3,1,3,1,1,1,127.4,123.9,97.3,125.6,76.8,81.1,77.2,42.3,30.1,89.8,1
55,1,0,0,0.1,2,9.0,0,1,0,0,0,133.5,115.1,86.2,124.3,80.6,100.0,83.1,40.4,31.7,94.3,0
71,2,0,0,4.9,2,4.8,1,1,1,1,2,117.6,124.8,94.2,121.2,83.6,76.6,73.9,39.7,30.1,77.8,1
57,2,0,0,4.8,2,6.0,2,1,1,1,1,131.9,128.6,97.5,130.2,78.3,80.8,81.4,37.0,31.7,96.0,1
55,1,0,0,1.5,0,6.2,0,2,2,0,1,130.4,142.9,91.3,136.6,93.6,85.2,85.4,43.3,36.7,85.4,0
37,3,0,1,2.6,2,7.7,0,2,2,1,2,117.8,117.3,99.6,117.6,85.3,75.4,79.8,41.9,32.5,86.9,1
64,0,0,1,4.2,2,4.6,2,2,2,3,2,114.5,105.9,92.5,110.2,76.1,79.2,69.1,32.7,25.9,85.5,2
63,1,0,0,3.9,2,3.3,2,2,1,2,2,112.6,121.5,92.7,117.0,76.3,76.5,71.6,33.6,26.5,83.4,2
83,2,0,0,1.4,1,7.1,2,1,2,1,1,118.0,119.5,98.7,118.8,91.7,70.6,78.8,43.0,32.3,84.6,1
50,2,1,0,2.5,1,6.4,2,1,1,0,1,123.1,118.3,96.1,120.7,88.6,86.9,85.5,46.0,33.5,77.2,1
57,1,1,0,5.2,1,4.3,1,1,2,1,2,114.5,117.5,97.4,116.0,83.1,76.3,84.1,39.4,32.6,90.1,2
58,1,1,0,4.5,2,6.0,2,2,2,3,2,104.8,121.5,86.3,113.2,80.5,74.2,76.6,37.0,26.8,78.9,2
75,0,0,0,1.8,1,7.6,0,0,1,1,0,133.1,128.4,96.5,130.8,81.8,88.6,85.1,40.2,33.2,79.3,0
53,1,0,1,0.3,1,7.2,1,1,1,1,1,128.0,136.1,94.0,132.0,93.6,83.6,87.7,41.8,34.2,94.3,0
58,1,0,0,2.8,1,6.7,1,1,0,0,2,133.6,124.6,93.3,129.1,84.1,82.1,75.2,41.5,28.1,85.2,1
62,0,0,0,2.8,2,5.5,1,1,0,1,1,120.4,129.7,92.8,125.0,86.7,95.9,77.3,39.7,32.0,83.2,1
57,2,0,0,2.0,0,6.2,1,2,1,2,1,118.2,133.8,88.3,126.0,86.3,74.6,85.3,45.3,34.3,83.6,0
49,1,0,1,3.9,2,6.7,2,2,2,2,2,117.3,117.9,99.5,117.6,69.3,71.8,74.4,37.8,30.3,79.4,2
57,2,1,0,3.0,2,5.8,1,1,1,2,2,132.3,139.5,94.8,135.9,86.7,75.6,79.7,39.7,30.0,85.7,1
68,2,1,0,3.3,2,6.8,1,1,1,2,1,127.3,133.5,95.4,130.4,74.9,91.7,84.8,39.3,37.5,81.1,1
41,0,0,0,3.4,1,4.0,1,2,1,2,1,139.4,118.3,84.9,128.8,76.4,77.2,81.4,38.3,34.8,81.6,1
56,0,0,1,3.5,1,5.0,0,2,2,2,2,123.3,141.5,87.1,132.4,79.8,82.3,72.7,42.5,30.3,98.7,1
45,2,0,0,0.8,1,9.5,0,0,0,0,0,137.8,130.2,94.5,134.0,82.7,87.5,87.7,44.2,33.6,94.0,0
70,1,0,1,6.3,3,4.7,2,2,2,2,3,97.4,104.0,93.7,100.7,69.0,77.7,66.5,35.8,29.2,79.4,2
35,2,0,0,1.4,0,10.0,0,1,0,0,1,138.5,133.5,96.4,136.0,93.4,89.6,83.6,44.2,33.8,86.6,0
47,2,0,0,1.7,1,9.4,1,1,1,1,1,132.5,129.7,97.9,131.1,87.4,88.3,76.0,41.1,36.0,81.6,0
59,2,0,0,3.9,2,6.8,1,0,1,1,0,123.5,127.2,97.1,125.4,84.0,90.3,81.7,36.2,28.3,92.1,1
75,3,0,0,3.7,0,6.7,1,2,2,0,1,120.2,129.2,93.0,124.7,77.3,83.1,69.0,43.5,29.6,87.5,1
54,1,0,0,3.2,0,7.3,1,1,1,0,1,128.6,131.9,97.5,130.2,87.6,81.9,85.0,44.6,33.9,95.4,0
47,1,0,1,5.0,3,7.1,1,2,1,2,2,113.3,114.0,99.4,113.6,75.7,78.7,80.5,40.4,31.0,76.9,2
79,1,0,0,0.0,1,9.0,0,1,0,1,1,143.0,126.6,88.5,134.8,80.2,98.5,86.6,38.7,28.9,94.0,0
36,0,1,0,5.3,2,5.7,2,1,0,2,2,114.9,133.7,85.9,124.3,78.2,81.5,75.7,41.8,26.8,66.2,2
26,1,0,0,0.4,0,9.4,0,1,0,0,0,139.5,145.4,95.9,142.4,87.7,91.9,96.7,50.4,30.4,95.7,0
60,1,0,0,3.4,1,7.5,2,1,2,1,1,117.5,126.3,93.0,121.9,85.6,73.5,78.9,41.6,27.7,86.0,1
48,3,0,0,1.6,0,8.7,0,0,1,1,0,136.8,150.0,91.2,143.4,87.6,91.0,80.7,47.4,29.8,85.4,0
41,1,0,0,0.7,1,10.0,1,0,1,1,1,134.9,134.3,99.6,134.6,100.0,92.8,86.7,45.4,34.8,95.3,0
64,1,1,0,5.0,2,2.5,2,2,2,2,2,110.4,97.8,88.6,104.1,80.6,77.3,82.1,33.3,28.5,74.9,2
58,1,0,0,2.4,1,7.0,2,1,2,1,1,111.0,120.2,92.3,115.6,82.3,82.4,73.4,40.8,30.2,82.2,1
47,0,0,1,5.3,1,4.9,2,3,2,1,1,117.9,116.4,98.7,117.2,81.6,92.5,68.1,34.2,29.1,77.3,2
38,0,0,0,0.9,1,10.0,1,1,1,1,1,132.5,144.5,91.7,138.5,80.7,93.0,89.5,41.4,36.6,98.2,0
66,1,1,1,5.1,2,5.6,1,3,2,2,2,108.0,104.4,96.7,106.2,78.0,79.8,68.8,35.6,24.4,71.0,2
63,0,0,0,1.9,1,6.7,2,1,1,1,2,116.3,135.9,85.6,126.1,79.4,82.7,76.8,40.1,25.9,80.2,1
53,1,0,0,2.3,0,9.0,2,1,0,1,0,136.6,129.4,94.7,133.0,87.1,84.3,76.1,42.5,33.7,81.8,0
79,2,0,0,3.7,1,7.8,1,1,1,2,1,124.7,111.0,89.0,117.8,77.3,83.3,67.3,32.9,28.8,78.8,2
41,2,0,0,0.4,0,9.6,0,0,0,0,0,148.6,133.5,89.8,141.0,91.9,91.3,82.7,44.5,32.5,95.0,0
35,2,0,1,1.6,0,9.3,1,1,1,1,1,131.4,132.1,99.5,131.8,83.4,82.8,88.3,41.6,32.5,87.1,1
46,0,0,0,0.3,2,7.6,0,1,0,0,1,132.6,133.7,99.2,133.1,87.8,87.9,83.0,43.7,27.3,83.1,0
54,2,0,0,1.8,0,8.1,0,1,0,1,1,126.2,140.4,89.9,133.3,90.1,85.4,75.8,45.2,31.1,91.3,0
58,2,1,1,6.1,2,5.8,2,2,2,2,1,124.5,100.0,80.3,112.2,76.6,77.7,79.0,37.1,22.3,79.7,2
51,0,0,0,1.1,1,7.0,1,1,0,1,0,121.9,129.4,94.2,125.6,78.2,85.1,88.2,39.7,32.4,81.1,0
59,2,0,0,1.6,0,9.6,0,0,0,0,0,138.4,141.2,98.0,139.8,100.0,96.8,96.1,46.5,38.9,94.3,0
38,1,0,0,1.2,0,10.0,0,0,0,1,0,139.0,141.7,98.1,140.4,92.5,85.9,84.6,42.4,32.2,90.1,0
73,2,0,1,3.4,1,6.1,1,1,2,2,1,124.6,120.5,96.7,122.6,83.4,70.4,76.0,41.2,27.9,81.3,1
53,3,0,0,1.5,0,5.9,0,1,1,0,2,132.5,135.2,98.0,133.8,85.8,84.1,83.8,42.7,36.7,84.2,0
69,0,0,0,1.1,1,7.3,1,1,1,1,1,123.0,121.1,98.5,122.0,80.5,85.5,87.7,40.0,32.8,83.7,1
59,2,0,0,2.9,2,6.9,1,1,0,1,0,125.4,132.7,94.5,129.0,88.2,90.4,80.2,39.1,38.2,87.0,0
60,1,0,1,4.2,2,5.3,3,1,3,1,2,126.2,107.9,85.5,117.0,76.4,71.6,67.7,38.8,28.0,84.3,2
62,3,0,0,1.9,2,7.6,2,2,0,1,1,124.5,122.2,98.2,123.4,91.0,85.8,83.8,41.7,31.7,84.2,1
60,1,0,0,4.1,2,7.9,1,2,1,2,3,121.0,116.1,96.0,118.6,93.0,87.2,84.6,45.4,34.0,88.9,1
63,2,0,0,0.0,1,8.5,0,1,1,1,2,125.0,120.7,96.6,122.8,94.9,89.5,82.9,43.1,31.9,94.0,0
72,0,0,1,3.6,1,5.5,2,2,2,2,3,111.9,107.4,96.0,109.6,65.7,70.8,74.5,37.1,28.1,68.0,2
57,1,0,1,3.5,1,5.3,2,1,2,1,1,120.7,113.9,94.4,117.3,78.6,76.7,77.5,33.9,23.7,79.1,2
64,0,1,1,6.2,3,4.4,2,2,2,1,3,105.7,103.6,98.0,104.6,73.1,74.3,67.0,34.7,30.6,78.7,2
53,3,1,0,4.0,1,8.0,2,2,2,2,1,122.0,132.5,92.1,127.2,79.0,88.3,73.0,37.4,30.8,81.7,2
73,2,0,0,1.9,2,6.6,0,1,1,1,2,137.7,134.2,97.5,136.0,85.9,84.6,76.0,43.2,31.4,85.0,0
46,2,0,0,5.1,2,8.7,1,2,1,2,2,121.3,122.1,99.3,121.7,73.8,82.4,77.3,41.1,33.4,87.8,1
78,3,0,1,3.7,1,5.1,2,1,2,1,2,117.7,113.8,96.7,115.8,84.0,72.0,70.8,40.6,26.3,84.6,2
54,0,1,0,4.4,2,4.0,2,2,2,2,3,109.2,127.7,85.5,118.4,67.0,74.5,74.3,42.6,26.8,76.2,2
36,1,0,0,1.7,1,7.3,1,1,1,0,1,127.6,123.9,97.1,125.8,77.3,80.2,87.0,38.0,32.8,83.3,1
56,0,0,1,4.9,2,5.4,2,2,2,3,1,109.0,124.2,87.8,116.6,70.9,76.1,73.5,38.8,28.1,64.1,2
46,0,0,0,1.7,0,9.4,0,0,0,1,1,130.8,141.6,92.4,136.2,90.3,80.9,81.6,45.1,34.6,90.3,0
65,0,1,0,6.2,2,3.5,3,2,2,2,2,102.2,91.7,89.7,97.0,66.8,73.5,75.8,41.4,28.2,73.1,2
46,1,0,0,1.0,0,7.5,1,0,1,1,1,126.4,126.4,100.0,126.4,79.9,78.7,82.5,42.5,33.0,79.7,1
49,1,0,0,2.4,1,6.2,1,1,1,1,2,127.5,123.4,96.8,125.4,90.3,87.9,82.9,41.9,27.9,83.1,1
30,0,0,1,2.4,1,6.0,1,1,1,1,0,139.7,130.0,93.1,134.8,86.5,81.0,80.1,43.8,35.3,84.4,0
49,0,0,0,2.3,0,6.8,0,1,0,1,1,132.7,130.5,98.3,131.6,90.2,83.3,89.2,44.5,31.2,88.2,0
23,0,0,0,1.8,2,6.9,1,1,1,2,2,126.6,121.3,95.8,124.0,81.5,87.2,88.9,45.9,32.4,85.6,0
34,3,0,0,0.6,0,10.0,0,1,0,1,0,131.6,149.0,88.3,140.3,94.5,89.6,88.9,42.5,33.4,96.1,0
64,2,0,0,1.2,1,8.6,2,1,1,1,0,120.8,126.7,95.3,123.8,86.1,96.9,86.0,39.9,31.3,87.1,0
65,3,0,0,4.8,1,4.8,1,2,1,2,1,113.6,136.9,83.0,125.2,78.2,85.8,83.7,44.1,30.8,88.2,1
60,1,0,0,3.4,1,7.5,1,0,1,1,1,137.5,125.3,91.1,131.4,85.2,84.1,78.9,34.6,33.3,82.3,1
42,1,0,0,0.0,1,7.3,0,1,1,0,0,135.6,139.9,96.9,137.8,81.3,90.3,85.7,42.7,35.7,98.9,0
54,2,0,0,0.1,0,9.0,0,1,1,0,1,129.7,142.9,90.8,136.3,92.5,76.3,86.1,43.2,34.4,94.9,0
54,1,0,0,1.4,2,6.5,2,2,1,2,1,120.3,121.9,98.7,121.1,83.4,90.1,75.6,39.9,30.0,92.3,1
39,1,1,0,2.9,1,6.3,1,1,2,1,1,122.2,139.0,87.9,130.6,85.0,87.2,84.2,45.6,32.7,87.0,0
74,0,0,1,3.3,3,5.7,2,3,2,2,1,109.7,116.2,94.4,113.0,80.9,76.1,78.2,37.7,28.8,75.2,2
66,0,0,1,4.4,2,4.2,2,2,1,2,2,120.8,109.8,90.9,115.3,78.4,79.0,72.0,35.0,28.2,73.6,2
52,1,0,1,4.9,2,4.7,2,2,2,2,1,113.9,117.6,96.9,115.8,75.5,80.4,75.2,34.6,29.7,85.8,2
55,1,1,0,4.3,1,2.9,1,2,2,2,2,105.8,94.5,89.3,100.2,71.8,75.0,80.7,37.5,25.3,82.8,2
57,2,0,0,1.7,1,9.0,1,1,0,0,1,145.6,136.2,93.5,140.9,95.9,89.1,82.7,45.8,27.8,83.5,0
28,0,0,0,1.1,1,8.1,0,1,1,0,0,120.4,117.3,97.4,118.8,79.5,89.8,83.7,41.2,34.7,90.5,0
51,0,0,0,2.7,0,7.4,1,1,2,0,1,124.2,126.8,97.9,125.5,89.7,87.2,79.4,40.6,31.6,81.9,0
46,2,0,0,0.0,1,7.4,1,1,0,1,0,144.7,132.0,91.2,138.4,84.9,88.9,85.0,41.9,35.2,93.6,0
41,0,1,0,3.1,1,7.2,2,1,2,1,2,122.4,131.3,93.2,126.8,85.7,81.8,78.9,39.6,27.7,85.0,1
51,1,1,1,6.5,2,2.6,3,4,3,3,3,101.0,119.5,84.5,110.2,75.1,77.9,68.2,34.1,28.9,77.6,2
78,2,0,0,3.1,1,6.0,1,1,1,1,2,115.0,119.1,96.6,117.0,73.3,85.7,81.6,37.1,31.4,83.7,1
63,0,0,0,2.9,1,8.9,1,0,2,1,1,117.5,124.9,94.1,121.2,85.7,76.5,79.8,42.6,30.3,82.4,1
47,0,0,1,4.1,3,4.0,2,2,2,3,3,106.6,112.9,94.4,109.8,77.5,78.7,74.5,41.0,28.6,75.9,2
62,1,0,0,1.1,0,8.8,0,1,0,0,1,131.8,127.0,96.4,129.4,92.8,89.5,93.1,42.5,28.5,93.9,0
73,1,0,1,3.5,2,6.6,2,2,2,2,1,121.2,130.8,92.7,126.0,83.0,86.2,82.6,39.4,30.8,84.9,1
67,1,0,1,1.6,2,7.0,0,2,1,2,1,122.1,116.4,95.3,119.2,78.5,82.3,80.9,36.1,34.4,82.8,1
55,2,0,1,3.1,1,6.2,1,2,1,2,1,119.0,125.2,95.0,122.1,79.6,78.1,79.3,40.4,30.5,71.1,2
46,0,0,0,2.6,1,7.6,1,1,1,0,1,120.7,132.0,91.4,126.4,94.4,77.6,80.3,42.2,32.2,73.3,0
64,1,1,0,4.2,2,4.3,1,2,2,2,2,110.0,123.6,89.0,116.8,67.5,70.1,69.0,33.6,26.1,74.3,2
60,1,0,0,3.8,2,6.8,0,0,1,2,1,132.6,124.8,94.1,128.7,86.2,89.3,82.9,37.8,33.9,78.2,1
66,0,1,0,5.7,2,6.6,2,2,2,2,2,113.5,122.4,92.7,118.0,83.1,78.1,74.2,42.2,31.6,74.6,2
63,1,0,0,1.3,1,5.6,1,2,1,1,1,124.1,135.2,91.8,129.6,79.8,82.9,84.5,41.3,30.2,83.2,1
68,1,0,0,4.2,1,7.7,2,1,2,2,2,123.9,134.1,92.4,129.0,76.4,88.8,85.8,36.8,31.7,93.5,1
48,1,0,0,0.5,0,9.7,1,1,0,0,0,143.2,133.9,93.5,138.6,86.2,95.4,87.2,46.4,34.7,92.3,0
72,0,0,0,5.8,2,4.9,2,3,3,3,1,103.7,97.0,93.5,100.4,75.6,70.4,60.3,35.6,28.1,77.4,2
57,1,0,1,3.6,3,6.5,2,2,2,2,2,124.9,116.9,93.6,120.9,72.2,84.2,85.0,37.4,27.0,81.0,2
81,1,0,1,5.9,1,4.5,2,2,1,2,1,113.9,116.7,97.6,115.3,74.5,67.1,68.5,38.6,30.6,63.2,2
46,2,1,0,4.1,2,4.0,0,1,1,1,2,119.0,123.2,96.6,121.1,87.2,82.0,77.5,30.2,31.0,78.1,2
77,0,0,0,3.2,2,5.4,1,3,2,2,1,123.9,115.2,93.0,119.6,78.6,80.1,78.8,31.9,32.1,72.6,2
57,1,0,1,2.4,1,4.9,2,2,2,2,1,112.0,108.2,96.6,110.1,76.7,85.6,83.8,42.3,26.9,89.0,2
46,1,1,0,1.6,1,5.7,2,1,1,2,1,125.6,106.8,85.0,116.2,83.5,83.7,87.9,38.9,27.9,73.4,1
48,2,0,1,3.6,1,4.8,2,1,1,1,2,122.6,109.8,89.6,116.2,80.9,79.2,75.5,37.2,35.1,78.8,1
50,1,0,1,4.3,2,5.3,1,2,1,1,1,113.0,123.0,91.9,118.0,82.5,78.7,82.3,34.0,32.4,78.7,2
60,2,0,0,2.1,1,7.4,1,0,0,0,1,134.1,141.0,95.1,137.6,97.1,100.0,85.5,42.8,30.8,83.4,0
61,2,1,1,6.2,3,0.8,3,4,2,2,3,104.9,93.2,88.8,99.1,71.5,71.0,80.3,33.9,27.8,70.4,2
47,2,1,0,2.3,0,6.7,2,0,2,1,2,118.9,105.8,89.0,112.4,91.3,83.3,82.8,42.8,28.7,80.7,1
54,1,1,0,3.7,2,7.3,2,3,1,3,2,119.6,105.6,88.3,112.6,79.6,67.0,72.8,37.7,24.2,78.1,2
82,1,0,0,5.6,1,5.6,2,2,2,3,3,110.7,121.0,91.5,115.8,73.3,72.8,69.6,35.6,23.2,79.6,2
77,2,1,0,4.1,2,4.7,2,2,2,2,2,115.0,96.6,84.0,105.8,88.1,79.1,60.0,37.5,28.2,77.8,2
60,3,0,1,3.6,2,6.0,2,1,1,1,1,119.2,106.9,89.7,113.0,80.6,72.3,80.6,41.8,33.8,82.8,1
55,2,0,0,1.4,1,6.6,1,2,1,0,1,121.9,129.0,94.5,125.4,79.7,86.3,85.8,42.9,35.1,90.1,1
56,1,0,0,2.0,1,7.9,1,1,1,1,1,133.2,129.9,97.5,131.6,99.9,82.7,87.5,43.7,35.7,79.3,0
62,0,0,0,2.4,1,6.6,1,1,1,2,1,122.1,118.0,96.6,120.0,79.9,77.2,67.7,40.4,32.8,86.6,1
41,1,1,1,5.8,3,3.9,2,1,2,2,2,103.4,116.6,88.7,110.0,71.9,72.2,66.0,34.2,28.7,70.6,2
51,2,1,1,4.9,2,7.1,2,2,1,2,1,105.4,108.0,97.6,106.7,75.8,85.8,77.3,34.1,31.8,75.2,2
33,1,0,1,3.9,3,3.6,2,2,2,2,2,119.3,112.7,94.5,116.0,78.2,78.8,82.7,33.1,23.5,77.9,2
60,1,0,0,1.2,1,8.9,0,0,1,1,1,124.8,131.9,94.6,128.4,94.2,82.9,84.7,43.6,35.5,90.9,0
63,2,0,0,0.7,1,8.1,1,1,0,1,0,134.4,129.4,96.3,131.9,76.7,91.7,90.8,44.1,30.4,91.9,0
48,1,1,0,3.2,2,6.8,2,2,2,2,1,113.7,112.0,98.5,112.8,81.3,80.7,67.9,39.6,25.9,71.9,2
75,2,0,0,2.5,2,6.5,1,1,2,1,1,118.6,130.7,90.7,124.6,79.0,78.9,78.8,40.4,31.9,89.6,1
39,1,0,0,0.9,0,8.4,1,1,1,0,0,147.7,141.0,95.5,144.4,90.1,94.4,86.0,46.8,36.3,89.2,0
35,1,0,0,2.1,1,7.5,1,2,1,0,1,130.9,127.1,97.1,129.0,96.5,91.1,89.4,41.3,30.9,83.7,0
57,1,0,0,3.6,1,6.1,2,2,1,1,1,124.8,119.6,95.8,122.2,82.5,84.8,74.8,40.9,31.6,74.7,1
68,2,0,1,3.6,2,4.5,2,1,2,2,2,119.3,121.6,98.1,120.4,81.8,75.6,84.1,34.7,30.7,72.5,2
76,0,1,0,8.1,3,1.6,3,3,3,3,3,97.3,89.1,91.6,93.2,66.2,62.1,62.2,31.3,23.7,59.9,2
49,0,0,0,1.0,0,6.8,0,0,1,0,0,134.5,145.5,92.4,140.0,95.1,80.4,81.2,37.7,34.0,92.0,0
69,3,0,0,3.4,1,5.9,1,1,2,1,0,133.0,120.2,90.4,126.6,92.2,79.6,74.8,39.9,36.2,86.7,1
54,0,0,1,3.0,1,4.8,2,2,2,2,1,118.8,124.7,95.3,121.8,63.5,74.1,69.3,39.6,27.2,71.6,2
52,1,0,1,0.2,1,5.6,1,3,1,3,2,127.6,110.5,86.6,119.0,83.8,76.5,76.5,37.3,28.2,72.5,2
66,1,1,1,6.0,3,1.9,2,3,2,2,2,108.5,113.2,95.8,110.8,80.1,72.7,66.1,36.4,27.0,71.5,2
63,1,0,0,0.9,1,7.0,1,0,0,1,1,121.2,129.5,93.6,125.4,88.2,92.8,77.3,41.4,31.1,85.6,1
34,1,0,1,2.8,2,7.0,2,1,1,1,1,119.9,126.7,94.6,123.3,79.5,80.1,83.3,37.6,32.5,83.9,1
74,0,0,0,3.7,2,5.4,2,1,2,3,1,109.8,118.1,93.0,114.0,73.3,78.3,59.3,36.9,32.8,74.1,2
72,1,0,0,5.0,1,5.5,1,2,1,1,2,124.8,93.7,75.1,109.2,93.1,71.4,75.3,42.1,29.3,80.2,1
46,1,0,1,4.4,1,5.1,3,2,2,1,1,113.3,113.1,99.8,113.2,74.4,89.6,68.6,39.5,26.9,86.6,2
60,2,0,0,1.5,1,7.6,0,1,1,0,1,114.0,131.2,86.9,122.6,97.3,80.9,80.8,40.6,38.0,83.0,0
61,0,0,0,3.4,1,6.3,1,1,1,1,1,139.7,123.4,88.3,131.6,86.5,79.7,81.6,35.9,31.5,84.0,1
58,1,0,0,2.0,0,8.1,1,1,1,1,1,127.2,129.4,98.3,128.3,98.8,90.0,83.0,42.6,28.4,90.4,0
47,0,0,0,1.4,1,9.9,1,1,1,1,1,125.8,138.2,91.0,132.0,86.0,87.0,81.7,39.7,36.9,82.1,0
46,1,0,1,5.1,1,4.8,2,1,2,1,2,126.9,124.5,98.1,125.7,71.0,86.8,81.2,36.9,31.9,81.9,2
54,0,0,0,1.4,0,6.6,1,0,1,1,1,118.0,127.8,92.3,122.9,84.8,87.0,80.5,35.8,35.2,77.6,1
70,0,0,0,5.5,2,4.3,2,3,2,2,3,116.9,105.7,90.4,111.3,66.9,74.2,80.0,38.3,31.0,77.6,2
62,2,1,0,2.5,1,4.8,2,2,1,2,1,113.0,98.5,87.2,105.8,92.2,83.6,78.6,37.0,35.6,78.9,2
50,1,1,0,3.9,2,6.9,1,2,3,1,1,110.5,104.7,94.8,107.6,83.2,85.2,71.4,38.1,26.9,72.8,2
65,3,0,0,2.3,1,5.0,0,1,1,1,0,138.1,129.2,93.6,133.6,90.5,81.7,92.0,38.5,29.9,89.5,0
20,3,0,0,1.7,1,9.0,0,0,0,0,1,145.5,144.0,99.0,144.8,98.9,96.8,91.4,44.2,33.8,89.5,0
69,1,0,0,1.2,2,7.5,1,1,0,2,1,129.4,116.7,90.2,123.0,80.4,81.5,89.1,40.1,29.6,82.7,1
32,0,0,0,1.7,1,6.9,0,0,1,1,1,128.6,124.7,97.0,126.6,85.0,83.6,80.0,38.7,31.9,88.3,1
50,1,1,1,6.0,1,3.5,3,2,3,3,2,113.5,136.7,83.0,125.1,74.8,75.2,72.2,34.5,26.1,69.5,2
40,2,0,0,0.9,1,9.3,0,0,0,1,0,129.1,129.1,100.0,129.1,100.0,88.0,89.9,48.0,31.1,89.1,0
38,1,0,0,0.9,1,9.7,0,0,1,0,0,136.4,132.0,96.8,134.2,86.3,87.4,86.5,38.4,31.7,96.8,0
70,0,1,0,3.6,2,5.2,2,2,2,1,1,108.1,100.8,93.2,104.4,73.1,81.6,79.6,36.9,27.6,66.4,2
48,1,1,0,3.1,2,5.0,1,3,1,1,1,110.5,109.1,98.7,109.8,78.6,72.1,86.2,35.7,32.5,87.3,2
59,2,0,1,5.6,2,5.6,2,1,2,1,2,117.0,119.3,98.1,118.2,74.1,71.9,62.4,40.7,27.1,70.0,2
54,2,0,1,2.2,0,6.9,1,1,1,1,1,134.0,126.2,94.2,130.1,78.7,87.8,85.8,40.2,33.7,82.0,0
61,0,0,0,2.9,1,7.7,1,2,1,1,1,123.0,124.7,98.6,123.8,71.3,83.1,76.2,37.0,28.0,85.8,1
55,2,0,1,3.3,2,7.6,1,1,2,2,0,119.0,118.6,99.7,118.8,72.2,85.5,64.5,37.9,22.0,84.1,1
38,0,1,0,0.9,0,4.8,2,1,1,1,1,121.2,129.6,93.5,125.4,92.2,86.8,85.0,42.1,31.6,87.6,0
67,0,1,0,5.1,2,5.5,1,2,3,1,2,116.1,134.7,86.2,125.4,78.4,71.4,77.4,45.5,27.4,78.6,2
48,2,0,0,1.6,0,6.7,1,0,1,0,0,138.5,127.1,91.8,132.8,95.0,88.8,89.5,36.7,31.2,87.8,0
34,0,0,0,3.3,0,10.0,1,0,1,0,0,139.1,131.3,94.4,135.2,88.2,91.4,88.3,39.6,31.1,98.1,0
49,1,1,0,2.8,1,5.2,1,2,1,2,1,121.4,105.4,86.8,113.4,79.4,80.4,80.4,41.7,27.7,83.5,2
74,0,0,1,5.5,2,5.6,1,2,2,2,2,109.3,98.2,89.8,103.8,84.4,73.9,69.8,31.6,25.7,82.2,2
66,2,0,0,0.6,1,7.5,1,0,1,0,1,124.8,121.6,97.4,123.2,95.0,84.1,84.1,41.3,29.9,84.5,0
50,2,0,1,3.6,1,5.3,1,1,2,2,1,125.0,127.6,98.0,126.3,86.1,77.7,80.9,37.1,26.6,69.4,1
50,1,0,1,5.7,2,3.9,2,2,1,2,3,117.6,106.9,90.9,112.2,77.2,69.5,79.4,34.2,22.7,81.3,2
50,2,0,0,0.8,2,8.2,2,1,2,0,0,122.2,115.6,94.6,118.9,86.0,74.9,79.5,39.0,25.2,84.8,1
81,0,0,0,2.0,1,8.2,1,1,1,1,1,124.6,126.7,98.3,125.6,88.0,86.5,80.8,39.8,37.9,86.5,0
59,1,0,0,2.3,1,8.6,0,2,2,1,0,130.7,126.2,96.6,128.4,82.9,78.2,79.4,42.8,30.7,80.5,1
60,1,0,1,3.0,1,5.8,2,2,3,1,1,116.4,111.0,95.4,113.7,78.1,82.4,70.4,42.0,33.3,78.2,2
68,0,0,0,3.6,1,6.6,1,1,2,1,2,125.9,128.6,97.9,127.2,87.8,78.2,82.0,40.2,29.8,78.8,1
58,1,0,0,3.2,2,7.2,1,1,1,1,0,127.4,123.5,96.9,125.4,80.4,78.6,75.2,40.4,31.6,86.5,0
51,3,0,0,1.3,1,7.7,1,1,0,1,0,125.2,127.0,98.6,126.1,96.5,85.0,86.5,43.0,33.6,82.7,0
52,0,1,0,4.4,2,4.3,2,2,2,2,3,125.3,95.3,76.1,110.3,76.8,88.3,74.9,39.4,30.4,81.9,2
54,1,0,0,1.8,1,7.9,2,1,1,1,0,130.8,126.0,96.3,128.4,81.6,85.8,75.9,44.8,29.4,97.7,0
54,0,0,0,1.8,1,6.9,0,0,1,1,2,125.4,122.7,97.8,124.0,85.1,89.2,75.9,42.7,31.4,84.2,0
64,0,0,0,1.5,1,7.4,1,1,2,1,1,116.7,126.0,92.6,121.4,80.3,84.2,76.2,44.7,32.0,76.3,1
55,3,1,0,4.6,2,6.2,2,1,1,2,1,112.3,110.8,98.7,111.6,78.3,73.3,75.6,36.6,25.1,80.4,1
64,1,0,0,3.4,1,6.7,1,1,1,2,2,120.1,118.9,99.0,119.5,79.8,89.0,86.1,42.6,33.7,84.0,1
53,1,0,0,3.2,0,8.4,2,0,1,1,2,135.6,125.0,92.2,130.3,80.8,81.5,79.3,41.9,33.6,85.8,1
56,2,0,0,0.7,1,7.9,1,0,1,0,0,127.5,127.7,99.8,127.6,87.3,80.2,87.0,40.2,27.5,96.1,0
29,0,0,0,1.1,1,8.7,0,0,1,1,0,139.6,125.0,89.5,132.3,88.4,84.2,90.6,42.7,30.5,92.1,0
66,1,0,0,3.2,1,8.1,2,2,1,2,2,119.4,121.3,98.4,120.4,85.1,79.4,82.8,39.4,30.2,72.0,1
59,1,0,0,1.7,2,7.5,1,2,2,2,2,114.0,116.7,97.7,115.4,80.7,84.8,77.9,38.4,32.3,75.5,1
67,1,0,0,1.0,2,8.0,1,1,0,1,2,121.6,115.6,95.1,118.6,85.9,79.5,76.6,39.4,34.9,85.8,1
20,3,0,0,0.0,0,9.2,0,0,0,0,0,132.3,139.7,94.7,136.0,95.0,100.0,92.5,40.4,33.4,91.7,0
82,2,0,0,3.8,1,6.5,2,2,1,1,2,116.1,127.0,91.4,121.6,84.8,76.4,74.7,36.8,36.1,89.3,1
53,1,0,0,0.6,1,6.9,0,0,0,1,1,127.5,138.7,91.9,133.1,90.3,90.9,94.5,41.9,33.1,84.6,0
69,2,0,0,1.3,1,7.6,1,0,1,2,1,114.9,128.7,89.3,121.8,82.3,74.2,85.6,38.8,31.0,89.9,1
41,0,0,1,3.1,1,5.9,2,2,2,2,2,126.6,116.0,91.6,121.3,74.9,78.3,76.7,35.1,30.7,76.1,2
62,0,0,1,4.3,2,4.8,2,2,3,1,2,113.8,117.9,96.5,115.8,77.1,77.9,75.1,39.2,28.8,77.3,2
41,0,0,1,2.8,1,7.4,1,1,1,1,2,117.9,122.0,96.6,120.0,88.9,75.9,79.4,38.8,31.1,78.1,1
46,1,0,1,5.6,1,4.9,1,2,1,1,2,121.7,119.5,98.2,120.6,80.3,88.1,75.7,45.1,35.0,84.0,1
79,1,1,0,5.4,2,6.8,3,2,2,1,2,109.8,132.2,83.1,121.0,74.1,79.5,76.5,37.4,29.2,82.9,2
52,1,1,0,5.3,2,6.1,2,2,2,2,2,99.0,128.8,76.9,113.9,76.5,75.9,72.9,40.0,26.2,78.9,2
57,3,0,0,2.8,1,7.8,2,1,1,1,1,148.5,126.5,85.2,137.5,85.8,88.7,93.8,41.4,30.6,97.5,0
66,1,0,0,1.5,2,6.9,1,1,1,1,1,126.8,134.3,94.4,130.6,81.7,80.7,77.4,38.3,35.0,81.0,1
61,1,0,0,1.0,1,7.8,1,1,0,1,0,123.8,122.9,99.3,123.4,79.0,90.9,84.5,41.6,33.5,86.2,0
56,0,1,1,4.5,3,5.4,2,3,3,3,2,95.7,111.2,86.1,103.4,71.2,78.1,65.3,38.2,22.8,76.8,2
59,0,0,0,3.7,1,7.2,1,1,1,0,1,117.4,128.0,91.7,122.7,86.8,85.9,77.4,40.3,27.5,80.3,1
86,1,0,0,3.5,2,5.6,1,2,2,1,3,126.3,119.6,94.7,123.0,73.3,81.3,66.0,38.6,29.0,78.8,2
54,1,1,0,2.3,1,6.0,4,2,0,1,0,128.4,109.0,84.9,118.7,76.4,72.6,78.9,39.0,31.3,83.8,2
57,2,0,0,2.8,1,8.1,2,0,1,1,1,126.1,125.6,99.6,125.8,77.5,88.6,75.6,38.7,28.6,86.6,1
68,0,1,0,5.7,2,3.2,3,3,2,3,3,99.0,112.6,87.9,105.8,64.4,71.6,73.6,33.6,22.1,77.3,2
69,0,0,1,4.2,2,5.6,1,1,1,2,1,126.6,136.8,92.5,131.7,74.7,84.0,77.7,34.6,26.5,74.9,2
70,1,0,0,3.2,1,8.0,2,1,2,1,1,125.8,126.5,99.4,126.2,82.3,85.9,80.0,39.4,34.8,84.4,1
63,0,1,1,4.7,1,4.1,3,3,2,2,3,112.0,104.0,92.9,108.0,66.2,78.5,62.6,36.5,28.1,66.5,2
40,0,0,0,2.3,1,9.0,2,0,1,1,2,133.4,137.4,97.1,135.4,87.9,81.4,87.0,42.9,35.1,84.3,0
76,2,0,1,5.1,3,2.8,3,2,3,2,1,97.6,99.1,98.5,98.4,68.4,68.0,65.4,34.6,29.4,71.3,2
40,0,0,0,1.5,1,7.7,0,0,1,1,1,123.5,119.3,96.6,121.4,83.9,97.8,76.9,44.1,31.1,93.6,0
58,1,1,0,5.0,2,6.7,1,2,0,2,2,112.0,126.3,88.7,119.2,79.6,69.9,76.3,37.4,27.7,80.3,2
45,1,0,0,1.5,1,6.7,0,1,1,1,1,131.3,127.2,96.9,129.2,83.1,79.2,75.7,40.9,31.4,86.0,0
54,0,0,1,2.6,1,6.2,1,2,1,1,2,113.6,116.6,97.4,115.1,80.1,81.7,68.0,41.3,31.4,84.4,1
59,1,0,1,3.7,0,6.6,1,2,1,2,2,120.7,110.3,91.4,115.5,88.9,81.6,84.9,39.4,33.1,84.7,1
59,2,0,0,0.3,0,7.4,0,0,0,0,0,132.3,132.0,99.8,132.2,85.8,85.4,83.0,42.1,38.0,91.5,0
60,1,0,0,1.4,1,7.3,2,1,1,2,2,134.6,128.9,95.8,131.8,95.8,89.2,74.8,43.1,34.5,84.5,0
75,2,0,1,2.6,1,7.6,2,1,0,0,0,132.3,127.9,96.7,130.1,85.1,89.7,77.7,41.0,34.1,81.5,0
60,0,0,0,5.2,1,6.4,1,2,1,1,1,115.7,126.5,91.5,121.1,76.7,81.3,74.8,38.2,35.2,80.9,1
51,2,1,0,5.6,2,5.8,3,2,3,2,1,119.9,104.8,87.4,112.4,72.3,73.9,77.4,36.0,27.2,71.2,2
67,0,0,0,3.6,1,7.9,2,1,2,2,2,114.7,131.1,87.5,122.9,82.7,81.2,70.0,39.5,33.3,85.1,1
70,2,0,0,2.0,1,7.2,0,0,1,0,1,138.0,141.7,97.4,139.8,95.4,84.5,77.9,38.9,34.3,96.1,0
39,1,0,1,1.3,2,7.2,0,1,0,0,1,122.7,125.0,98.2,123.8,89.3,75.4,86.0,41.4,33.0,87.7,1
62,3,0,1,3.1,1,7.2,1,1,2,1,1,123.9,122.1,98.5,123.0,83.5,83.6,76.9,44.9,30.1,73.8,1
64,1,1,0,3.5,1,7.5,1,2,2,3,2,120.9,105.4,87.2,113.2,87.2,83.9,78.1,35.4,26.3,77.4,2
51,0,0,0,3.3,1,7.2,1,1,1,2,1,123.9,115.5,93.2,119.7,73.6,81.2,76.5,37.8,31.5,82.8,1
72,0,0,1,5.4,1,4.5,2,2,1,2,2,113.3,100.9,89.1,107.1,75.0,62.8,80.5,43.3,28.0,66.7,2
53,2,0,0,1.3,1,9.3,0,0,1,0,0,137.1,141.3,97.0,139.2,92.9,86.1,80.2,40.8,32.2,90.7,0
56,1,0,1,3.9,2,6.0,2,2,1,2,2,120.3,121.5,99.0,120.9,79.7,82.3,75.9,40.9,28.5,80.4,2
52,2,0,0,3.0,2,5.7,1,1,1,1,2,126.0,114.2,90.6,120.1,75.3,75.0,86.8,38.8,28.5,90.0,1
55,0,0,0,2.7,2,5.7,2,2,2,1,3,109.5,120.9,90.6,115.2,74.1,82.1,73.5,37.7,27.0,88.1,2
40,1,0,1,4.8,2,5.8,2,3,3,2,2,111.9,115.6,96.8,113.8,73.6,72.5,67.3,34.9,26.2,68.6,2
36,0,0,0,2.4,0,8.3,1,1,0,0,1,130.9,135.1,96.9,133.0,96.7,88.6,90.2,44.4,30.2,89.7,0
75,3,0,0,4.9,2,5.0,2,1,2,1,1,106.7,119.3,89.4,113.0,86.2,73.1,78.1,31.5,26.8,76.0,2
43,2,0,0,1.1,0,8.2,0,0,1,1,2,132.0,129.2,97.9,130.6,87.4,82.7,82.0,43.5,35.2,86.4,0
42,3,1,0,4.1,1,4.9,1,1,1,2,1,128.1,126.6,98.8,127.4,79.5,91.6,89.0,39.5,35.3,86.0,0
27,1,0,0,0.0,0,8.3,0,1,1,1,0,134.6,121.1,90.0,127.8,94.3,92.1,85.9,37.1,38.4,89.1,0
46,1,0,1,1.7,1,7.0,1,0,1,1,1,130.3,133.9,97.3,132.1,97.0,85.9,82.3,43.1,29.9,86.5,1
37,2,0,1,4.5,1,6.2,2,1,1,1,1,131.6,114.8,87.2,123.2,89.3,87.1,87.1,33.4,33.9,90.2,1
76,1,0,0,2.2,1,6.2,1,1,1,1,0,129.7,121.5,93.7,125.6,82.7,87.3,86.0,47.4,32.7,86.6,0
68,2,0,0,2.0,1,6.3,1,1,1,2,2,129.9,120.2,92.5,125.0,100.0,89.0,81.6,42.5,31.0,82.9,1
46,3,1,0,2.7,1,6.4,1,2,2,2,1,118.3,128.9,91.8,123.6,83.0,75.7,72.5,33.6,30.3,74.3,2
84,2,0,0,3.6,1,8.3,2,2,2,1,1,126.5,133.5,94.8,130.0,78.5,88.3,92.0,43.1,33.1,92.3,1
67,2,1,0,4.8,2,6.6,2,2,2,2,1,118.4,128.4,92.2,123.4,87.7,84.2,70.5,34.7,27.5,82.5,2
50,1,0,1,2.7,2,4.4,2,2,1,2,1,117.9,120.7,97.7,119.3,75.6,81.2,77.7,35.8,28.2,81.7,2
22,1,0,0,1.5,1,8.7,2,1,0,1,1,143.6,126.8,88.3,135.2,85.4,85.1,86.6,36.5,31.6,87.1,0
84,3,1,1,4.4,2,4.1,2,2,1,2,3,109.3,125.6,87.0,117.4,79.7,69.9,75.3,33.4,26.5,84.1,2
36,0,0,0,2.4,1,6.8,1,0,1,1,1,136.5,126.7,92.8,131.6,86.4,86.0,92.9,38.8,34.9,85.2,0
33,2,1,0,1.3,1,6.6,2,2,1,1,0,118.0,142.7,82.7,130.4,85.6,92.3,81.4,42.9,29.5,76.3,1
68,2,0,0,3.8,1,7.6,2,0,1,1,1,129.9,132.7,97.9,131.3,84.8,77.5,80.0,43.6,29.7,85.5,1
86,1,1,0,7.0,4,4.4,3,2,1,2,3,113.3,91.1,80.4,102.2,76.2,76.5,75.3,29.7,26.8,64.7,2
72,3,0,0,1.1,0,8.0,1,1,0,0,1,120.4,146.7,82.1,133.6,77.7,84.9,84.1,43.1,33.5,90.0,0
62,1,0,1,2.9,1,6.3,1,2,1,1,1,122.5,118.1,96.4,120.3,83.8,79.4,82.7,33.5,29.3,88.7,1
62,1,0,0,0.9,0,8.9,0,0,1,0,0,138.3,130.4,94.3,134.4,89.4,82.6,87.1,43.9,37.7,81.7,0
66,0,0,1,3.2,2,6.1,1,2,1,1,2,118.3,108.3,91.5,113.3,75.2,74.7,79.8,43.9,27.5,74.3,2
64,1,0,0,3.2,1,7.1,3,2,2,1,2,121.4,114.2,94.1,117.8,76.8,83.1,80.3,32.8,29.3,84.6,2
58,1,0,1,3.4,2,4.6,1,2,1,1,1,119.6,118.8,99.3,119.2,67.2,83.5,74.5,35.0,24.8,77.6,2
56,1,0,0,2.8,0,8.3,0,0,1,1,0,126.3,140.3,90.0,133.3,86.1,89.1,76.3,44.9,32.4,91.4,0
54,2,0,1,3.8,2,5.5,1,1,1,1,0,137.5,128.0,93.1,132.8,89.9,79.8,71.0,42.1,27.4,85.1,1
45,3,1,0,2.6,1,7.8,1,0,1,1,0,127.2,114.6,90.1,120.9,92.4,80.8,74.5,39.0,30.2,92.0,0
51,0,0,1,3.3,1,6.4,1,1,1,1,2,125.8,126.1,99.8,126.0,82.4,82.5,78.8,43.9,25.8,79.8,1
32,1,0,1,1.8,0,6.6,2,1,0,2,2,119.4,125.3,95.3,122.4,76.4,80.4,67.6,37.1,28.5,70.3,1
53,3,0,0,0.5,0,8.1,1,0,0,0,0,123.0,128.0,96.1,125.5,96.8,91.1,87.1,48.9,34.0,93.8,0
42,0,0,0,3.7,1,5.2,0,1,1,1,2,118.4,123.5,95.9,121.0,90.4,81.0,80.4,41.1,30.3,75.6,1
40,0,0,0,0.5,2,5.6,0,1,0,1,1,121.0,132.0,91.7,126.5,93.0,84.5,87.7,45.4,31.3,91.9,0
57,0,0,1,4.7,2,5.3,2,2,1,2,1,122.8,118.8,96.7,120.8,73.8,79.0,77.4,38.4,28.2,78.3,2
73,1,1,0,6.8,1,4.6,2,2,2,3,1,110.3,98.0,88.8,104.2,72.7,78.6,77.9,38.4,27.1,75.5,2
66,0,1,0,6.4,2,3.5,3,3,2,2,3,106.2,116.8,90.9,111.5,82.1,80.3,72.5,37.1,27.1,77.4,2
34,3,0,0,2.6,0,9.6,0,1,0,1,0,126.5,119.2,94.2,122.8,84.1,86.2,83.9,46.1,32.9,80.7,0
42,1,0,0,2.1,1,6.8,0,0,0,1,0,129.7,125.4,96.7,127.6,89.9,88.4,82.6,41.4,32.9,85.9,0
67,1,0,1,5.6,1,6.3,2,2,1,2,1,109.1,114.6,95.2,111.8,67.8,85.6,68.8,33.6,27.7,78.9,2
42,0,0,0,1.1,1,9.4,0,1,1,1,1,135.7,137.8,98.5,136.8,86.4,88.9,84.6,41.4,31.3,88.5,0
52,1,0,0,3.3,1,5.1,1,1,0,1,1,127.5,115.9,90.9,121.7,88.0,89.5,73.0,38.3,33.3,82.2,1
62,2,0,1,4.0,1,6.2,2,1,2,1,1,117.1,123.5,94.8,120.3,81.4,77.6,82.9,36.8,31.6,78.9,1
42,2,0,0,1.6,1,7.8,1,1,1,1,0,137.6,140.1,98.2,138.8,92.4,84.0,80.4,47.5,33.0,96.8,0
56,2,0,0,3.0,1,4.9,0,2,1,1,0,130.1,138.7,93.8,134.4,82.0,85.4,84.4,43.6,35.5,92.1,0
37,1,0,0,0.5,1,7.0,0,1,0,0,1,134.1,146.1,91.8,140.1,86.7,88.2,87.8,44.7,33.7,86.7,0
47,3,1,0,2.2,1,7.9,1,1,1,1,0,117.4,112.6,95.9,115.0,87.8,89.3,87.0,43.7,31.1,91.7,1
59,2,0,0,2.5,1,9.1,1,1,0,1,1,125.6,122.5,97.5,124.0,88.8,80.2,72.7,42.3,31.3,88.6,1
34,2,1,1,4.0,2,5.3,2,1,1,2,3,112.6,79.9,71.0,96.2,75.8,74.5,69.7,41.0,27.9,77.2,2
60,0,1,0,5.6,2,4.5,2,2,2,3,3,117.1,125.8,93.1,121.4,78.4,79.4,73.1,28.6,24.8,76.4,2
54,0,0,0,0.0,1,8.0,1,1,0,0,1,126.7,143.5,88.3,135.1,80.7,88.0,93.2,39.1,28.1,82.5,0
62,0,0,0,4.9,1,7.4,2,1,1,2,1,131.6,127.2,96.7,129.4,77.4,79.1,75.8,35.7,30.1,87.1,2
57,2,0,0,1.8,0,9.9,1,0,1,1,1,133.3,128.9,96.7,131.1,97.2,87.4,80.7,37.6,34.5,92.2,0
72,1,1,1,6.0,3,2.4,3,3,3,2,2,93.0,113.6,81.9,103.3,75.2,64.3,76.0,32.9,22.8,70.4,2
56,1,1,0,2.4,3,4.2,1,1,1,2,1,116.0,128.9,90.0,122.4,85.1,75.3,82.0,39.3,32.9,82.8,1
49,2,0,0,1.5,1,5.7,1,0,0,0,0,138.6,121.2,87.4,129.9,87.3,78.3,90.5,47.7,28.3,87.0,0
56,2,0,0,2.9,1,8.7,1,2,1,1,1,134.9,134.2,99.5,134.6,91.5,85.7,76.0,43.6,30.4,83.0,0
62,3,1,0,3.0,1,7.0,1,1,2,2,1,125.9,112.8,89.6,119.4,87.3,88.3,83.5,38.8,35.6,87.4,1
55,1,0,0,2.0,1,7.0,1,1,1,1,1,125.5,126.6,99.1,126.0,76.8,86.9,74.8,41.4,32.0,79.9,1
55,2,1,0,3.8,3,3.1,2,2,1,3,2,106.3,103.4,97.3,104.8,81.5,82.2,66.5,30.8,27.4,77.3,2
45,1,1,0,4.0,1,5.4,1,2,1,2,2,128.7,137.9,93.3,133.3,77.4,88.1,80.6,39.1,30.7,81.9,1
46,0,0,1,3.8,2,4.6,2,2,2,2,2,107.6,109.6,98.2,108.6,80.5,77.3,76.4,36.6,31.3,78.6,2
36,0,0,0,1.6,0,8.2,1,1,1,1,0,136.3,128.5,94.3,132.4,80.8,86.6,82.0,39.4,29.1,92.9,0
77,1,0,1,5.4,2,3.8,3,2,1,3,2,117.7,101.4,86.2,109.6,82.0,81.7,77.8,34.4,30.6,76.1,2
38,1,0,1,1.5,1,7.3,0,1,0,0,0,133.5,138.0,96.7,135.8,88.9,84.5,83.8,40.7,32.0,93.0,0
45,2,0,0,4.1,1,5.4,2,2,2,1,1,126.9,107.4,84.6,117.2,76.4,75.1,76.6,36.0,31.9,71.9,1
45,0,0,0,1.9,1,7.5,1,2,1,2,1,132.5,118.5,89.4,125.5,78.7,79.5,78.0,41.0,28.7,84.2,1
66,2,1,0,2.0,2,5.9,1,2,2,1,1,119.2,135.8,87.8,127.5,77.8,76.7,74.5,40.8,33.5,79.7,2
51,1,1,0,1.7,1,7.9,1,1,1,1,0,126.0,138.5,91.0,132.2,86.0,84.7,88.2,42.3,31.6,87.4,0
71,1,0,1,6.4,2,4.0,2,2,2,3,3,113.2,106.1,93.7,109.6,83.4,72.4,68.0,35.1,25.0,74.1,2
46,1,1,0,4.4,1,4.1,1,1,1,1,1,121.6,110.1,90.5,115.8,85.7,85.7,77.4,38.4,32.6,90.6,1
58,1,0,0,4.5,1,6.3,2,2,1,1,1,119.9,132.9,90.2,126.4,73.5,80.2,74.2,38.7,34.3,85.1,1
44,1,0,0,1.8,2,6.6,1,2,2,0,2,131.0,133.8,97.9,132.4,80.8,91.3,92.0,40.5,35.0,82.6,0
82,1,0,0,0.9,1,7.2,1,1,1,0,0,123.4,121.5,98.5,122.4,98.0,77.0,78.5,37.3,31.3,81.0,1
39,0,0,0,0.3,1,10.0,2,1,1,2,2,126.6,119.4,94.3,123.0,85.1,82.4,76.4,43.1,33.1,88.5,1
59,0,1,1,5.8,2,3.8,3,3,3,3,3,93.8,121.2,77.4,107.5,74.0,68.6,64.8,32.2,24.5,69.2,2
63,1,0,0,3.1,1,8.9,1,1,2,1,2,120.4,114.6,95.2,117.5,80.3,82.0,82.1,41.0,31.6,81.5,1
60,3,0,1,4.5,1,6.8,2,2,1,1,1,127.5,124.8,97.9,126.2,77.1,85.8,81.5,34.7,31.2,80.8,1
52,1,0,0,1.9,1,7.9,1,1,0,0,0,127.6,144.7,88.2,136.1,88.6,90.0,83.5,41.1,26.3,95.3,0
53,2,0,0,2.8,0,7.3,1,1,1,2,1,125.4,116.4,92.8,120.9,85.5,82.8,78.7,42.8,28.8,86.8,1
55,2,0,0,0.8,1,9.6,0,1,0,1,1,119.2,118.9,99.7,119.0,86.0,89.8,76.5,44.4,33.0,81.7,0
53,3,0,0,0.0,0,10.0,1,0,0,0,0,129.7,143.6,90.3,136.6,100.0,94.8,89.1,40.6,34.8,87.5,0
67,2,0,0,3.7,1,5.5,2,1,1,2,3,124.9,113.0,90.5,119.0,78.1,81.7,83.7,39.4,29.8,81.0,1
83,1,0,1,7.2,2,3.3,3,3,2,2,3,100.7,98.1,97.4,99.4,63.8,72.1,63.3,33.7,25.7,66.3,2
47,2,1,1,5.0,3,3.4,2,3,1,2,2,124.1,100.9,81.3,112.5,80.5,79.6,76.1,34.1,31.2,65.7,2
37,2,0,0,1.7,1,7.6,2,0,0,1,0,126.9,123.1,97.0,125.0,88.8,74.6,77.1,40.9,31.9,80.0,1
53,1,0,0,2.8,1,8.9,1,1,2,0,1,130.6,137.0,95.3,133.8,86.4,82.9,76.5,36.1,26.0,84.4,0
88,1,0,0,3.8,2,6.2,1,1,2,1,2,113.9,115.7,98.4,114.8,78.5,82.5,80.9,35.8,34.9,79.2,1
44,0,0,1,1.9,1,5.9,1,2,1,1,1,120.5,133.4,90.3,127.0,73.6,80.5,90.8,41.2,25.9,86.4,1
76,2,0,0,3.3,2,5.8,2,1,1,2,2,112.1,109.1,97.3,110.6,84.8,76.9,77.7,37.4,31.4,67.4,2
76,2,0,1,4.3,1,6.3,1,1,0,2,1,112.5,130.2,86.4,121.4,84.7,81.6,74.5,38.3,25.7,76.3,2
47,0,1,0,4.2,1,5.2,2,2,1,1,2,118.4,107.7,91.0,113.0,75.1,79.1,71.9,36.1,32.0,81.2,2
62,1,0,0,3.7,0,7.6,1,1,1,1,1,133.1,140.1,95.0,136.6,87.0,87.3,91.9,42.7,31.2,82.8,0
76,1,1,1,6.4,3,3.4,3,2,3,3,3,108.1,100.3,92.8,104.2,70.2,68.1,69.7,35.5,27.2,65.5,2
50,0,1,0,4.3,2,5.7,2,1,2,2,2,107.3,109.5,98.0,108.4,84.0,68.8,68.5,38.3,23.0,72.5,2
52,3,0,0,1.1,1,9.1,1,0,1,0,1,135.4,128.3,94.8,131.9,85.2,92.2,85.5,43.2,35.1,91.9,0
47,0,0,0,1.9,1,6.7,1,0,1,0,0,117.8,130.6,90.2,124.2,84.5,82.1,84.3,40.3,33.3,85.7,0
41,0,0,0,2.0,0,5.7,2,1,1,1,1,132.0,110.9,84.0,121.4,80.4,78.7,82.2,38.1,32.5,80.0,1
46,1,1,0,3.8,2,4.5,3,2,2,1,2,104.9,101.2,96.5,103.0,77.7,71.6,80.2,32.9,30.4,78.5,2
39,2,1,0,4.1,1,6.9,1,1,1,1,1,113.8,106.8,93.8,110.3,81.8,86.4,84.0,37.4,30.5,83.1,1
55,0,0,1,4.3,1,6.2,2,2,1,2,2,120.8,114.9,95.1,117.8,82.2,81.5,78.3,36.7,29.4,74.6,1
44,2,1,0,3.3,1,6.1,3,2,1,1,1,125.5,116.1,92.5,120.8,79.8,84.6,79.8,44.7,29.0,84.2,1
58,1,0,1,5.3,1,5.9,2,2,1,2,1,117.5,114.7,97.6,116.1,87.2,82.6,77.9,34.6,28.3,73.0,2
34,0,1,0,3.0,1,5.6,2,2,2,1,2,112.9,118.5,95.3,115.7,78.6,79.9,74.0,41.4,32.8,86.5,2
59,0,1,0,5.3,2,6.7,2,3,1,1,2,125.7,135.3,92.9,130.5,86.3,84.8,81.4,37.3,27.5,86.3,2
65,1,0,0,2.3,1,6.6,1,1,1,1,2,111.4,123.1,90.5,117.2,97.9,75.3,77.2,38.3,25.7,80.5,1
29,1,0,0,0.1,1,8.1,0,1,1,0,2,124.7,129.5,96.3,127.1,86.2,82.9,88.4,44.1,30.9,95.2,0
59,3,0,0,0.0,1,9.3,1,1,0,0,0,136.8,137.2,99.7,137.0,95.0,84.8,96.9,39.9,35.9,88.6,0
70,2,0,1,2.8,1,7.5,0,2,2,2,2,113.5,128.5,88.3,121.0,81.3,83.1,80.7,36.4,29.4,80.9,1
39,3,1,0,1.7,1,6.8,1,2,1,1,1,134.7,147.3,91.4,141.0,96.4,87.2,83.1,37.2,33.3,82.8,0
76,1,0,0,3.6,0,6.8,2,2,1,1,1,115.1,115.8,99.4,115.4,81.3,79.3,76.1,38.0,25.5,82.2,1
60,3,0,0,3.5,1,6.2,1,1,1,2,1,130.7,123.4,94.4,127.0,83.3,80.0,77.7,36.2,22.8,82.1,1
45,1,0,1,2.2,2,6.6,1,2,1,2,1,126.8,131.4,96.5,129.1,82.7,87.0,72.0,42.6,30.7,81.3,1
54,1,1,1,4.3,2,4.2,2,3,1,3,1,120.5,132.9,90.7,126.7,75.9,72.9,75.5,34.4,30.7,75.9,2
62,0,0,0,2.6,1,6.6,1,2,1,2,2,134.0,119.1,88.9,126.6,86.8,83.4,68.3,32.2,26.3,83.3,1
55,0,0,0,0.5,1,8.4,0,1,1,1,1,127.5,136.0,93.8,131.8,86.5,81.0,86.6,39.7,33.0,91.8,1
62,2,0,0,1.5,2,6.1,1,1,2,2,1,119.8,125.7,95.3,122.8,87.6,89.3,84.7,42.8,34.4,74.7,1
43,1,1,0,3.0,2,4.4,2,2,1,2,2,117.3,132.1,88.8,124.7,80.8,82.3,76.4,42.7,29.4,89.2,2
57,0,1,0,6.7,2,3.0,2,3,3,2,3,106.3,94.3,88.7,100.3,71.0,67.4,68.1,34.4,29.5,72.4,2
36,1,0,0,1.5,0,7.0,1,1,0,1,1,128.0,129.0,99.2,128.5,88.3,86.2,85.0,40.9,33.5,88.6,0
53,1,0,0,4.0,1,6.7,2,1,2,2,2,121.5,132.8,91.5,127.2,84.4,70.3,68.8,38.6,29.4,87.9,1
43,1,0,0,0.9,1,5.7,1,1,1,0,1,124.5,125.6,99.1,125.0,88.4,88.6,85.5,41.8,33.6,88.1,1
45,1,0,0,2.4,1,8.0,0,0,1,0,1,128.5,131.4,97.8,130.0,96.4,98.1,84.7,39.3,38.0,92.1,0
71,2,0,1,7.0,2,4.4,3,3,2,3,3,105.5,115.0,91.7,110.2,81.5,61.9,76.6,33.5,25.2,78.6,2
69,2,1,1,3.9,2,4.0,3,2,3,2,3,109.2,123.4,88.5,116.3,68.8,65.0,70.3,33.7,26.1,70.9,2
62,1,0,0,1.2,1,7.2,1,1,1,0,1,134.9,141.7,95.2,138.3,88.2,86.5,84.2,41.6,29.8,91.5,0
40,1,1,0,5.0,2,5.2,2,1,3,2,2,104.4,106.9,97.7,105.6,76.1,76.8,75.4,36.1,28.8,70.7,2
50,1,0,0,4.2,1,6.1,2,2,1,2,2,117.6,120.6,97.5,119.1,75.2,78.0,72.0,35.5,29.4,82.6,2
70,2,0,0,1.8,2,6.7,2,1,1,0,1,124.5,121.2,97.3,122.8,87.7,74.8,78.4,41.2,34.2,87.2,1
56,1,0,1,3.0,0,6.0,1,1,1,1,1,113.9,120.7,94.4,117.3,85.7,82.6,78.6,38.6,33.7,87.3,1
85,0,0,0,3.1,1,8.0,1,2,1,2,2,117.7,114.9,97.6,116.3,74.7,83.9,74.8,37.8,31.5,83.4,2
60,0,0,1,4.8,2,5.6,2,2,2,2,3,113.6,106.8,94.0,110.2,74.3,90.4,69.8,32.8,30.7,77.2,2
57,1,0,1,5.9,2,7.3,2,2,1,2,1,116.0,111.3,95.9,113.6,73.9,82.8,71.3,38.0,26.3,74.7,2
50,1,0,0,1.6,1,6.6,2,1,1,1,1,126.5,123.6,97.7,125.0,77.8,77.4,81.3,37.6,29.1,83.2,1
56,2,0,0,3.0,1,7.4,1,0,0,0,2,123.1,120.0,97.5,121.6,86.8,85.2,94.2,46.1,33.1,84.8,0
53,0,0,0,2.8,1,4.6,2,1,2,2,2,131.4,125.0,95.1,128.2,75.0,83.0,75.2,34.7,29.8,74.0,2
64,1,1,0,3.2,2,4.6,2,2,2,2,2,121.4,128.0,94.8,124.7,79.5,74.8,71.6,39.6,34.0,87.3,2
67,2,0,0,4.0,1,8.2,1,2,2,1,2,124.8,119.1,95.4,122.0,83.5,85.1,77.4,33.2,25.5,86.9,1
44,2,1,0,3.8,1,6.1,2,2,2,1,1,129.4,124.1,95.9,126.8,85.4,85.8,86.9,32.8,32.3,84.4,1
37,1,0,1,4.0,2,8.3,2,2,1,2,2,123.3,118.0,95.7,120.6,84.6,87.6,86.3,37.4,31.9,86.2,1
31,1,1,0,1.4,1,5.5,1,2,1,1,1,131.8,108.2,82.1,120.0,91.7,86.8,89.6,33.0,29.0,87.3,1
61,1,0,0,2.0,1,6.0,1,1,0,1,1,126.3,119.4,94.5,122.8,81.3,85.3,81.4,42.6,29.0,79.9,1
40,3,1,0,3.1,1,6.8,2,1,1,1,1,126.6,102.2,80.7,114.4,81.9,81.0,84.7,40.5,30.7,88.4,1
27,0,0,0,2.3,1,7.2,1,1,1,1,2,130.6,131.7,99.2,131.1,89.1,77.8,76.3,44.9,27.5,91.7,1
60,3,0,0,0.2,1,9.2,0,0,0,1,0,142.3,134.3,94.4,138.3,89.4,88.9,83.7,42.2,36.8,85.9,0
87,2,0,1,4.6,1,5.8,1,1,1,1,2,124.9,131.4,95.1,128.2,83.9,75.9,69.0,37.8,35.6,70.5,2
54,1,0,0,3.1,2,5.3,2,2,1,1,2,121.8,116.4,95.6,119.1,82.7,77.8,78.5,37.1,28.6,73.9,2
65,0,0,0,5.5,2,5.7,2,1,2,2,1,121.7,118.0,97.0,119.8,89.8,85.1,76.5,35.4,27.9,79.5,2
56,1,0,0,2.0,0,8.8,0,0,1,0,1,141.7,126.5,89.3,134.1,92.8,97.4,89.5,43.0,31.1,86.3,0
53,1,0,0,2.3,1,6.9,2,2,1,1,0,136.2,125.3,92.0,130.8,80.9,80.2,79.6,38.2,29.8,86.8,0
66,0,1,1,6.1,2,3.8,2,2,2,1,3,120.2,124.3,96.7,122.2,77.6,74.9,76.7,37.1,26.5,72.7,2
51,2,0,0,1.0,1,9.5,0,1,0,1,1,132.9,134.0,99.2,133.4,90.7,86.5,74.4,42.2,36.6,90.3,0
58,3,0,1,1.5,1,6.9,0,1,0,0,0,143.6,130.8,91.1,137.2,94.7,91.1,86.0,43.3,41.9,88.7,0
59,1,0,0,3.8,1,8.8,0,1,2,1,2,128.9,132.9,97.0,130.9,89.2,73.0,81.1,49.2,29.8,85.2,1
46,2,0,0,0.9,0,8.5,0,0,1,0,0,140.4,139.6,99.4,140.0,89.9,82.6,77.6,42.6,31.8,94.7,0
67,0,0,0,2.8,3,5.6,1,1,1,2,1,130.4,110.9,85.0,120.6,77.6,81.0,80.5,40.1,27.5,77.5,1
52,1,0,0,0.0,0,9.4,1,0,0,0,1,139.7,142.8,97.8,141.2,91.0,93.1,86.1,43.3,34.9,92.3,0
45,0,1,0,3.8,2,7.1,2,1,1,2,2,123.3,128.6,95.9,126.0,67.7,79.4,78.7,41.2,30.2,75.2,2
61,1,1,1,6.1,2,5.3,3,3,2,1,1,107.1,83.0,77.5,95.0,74.3,77.6,80.5,35.7,27.5,73.9,2
43,3,1,0,4.8,1,6.1,1,1,2,2,1,126.5,133.9,94.5,130.2,77.4,79.9,77.3,36.8,28.2,78.9,2
55,2,0,0,3.5,1,7.6,1,2,1,1,1,127.1,111.4,87.6,119.2,87.5,88.4,84.0,46.3,34.0,84.6,1
54,0,0,0,2.5,1,4.7,2,1,1,1,0,123.0,125.6,97.9,124.3,72.8,89.1,85.6,36.6,32.4,83.3,1
69,1,0,0,0.6,2,6.4,1,2,1,2,1,131.7,136.6,96.4,134.1,84.7,79.5,83.0,39.5,33.0,90.4,1
61,1,0,0,3.5,1,4.6,2,2,2,2,2,132.5,113.3,85.5,122.9,87.0,83.0,71.0,40.2,30.1,78.8,2
54,1,0,0,0.7,0,9.8,1,0,1,1,0,127.4,140.8,90.5,134.1,94.5,91.3,78.2,40.7,33.1,87.2,0
65,2,0,0,0.9,0,7.9,1,1,1,1,1,127.9,121.6,95.1,124.8,94.9,100.0,87.2,44.9,31.4,93.9,0
73,2,0,0,3.2,2,7.7,1,2,2,1,1,140.9,120.1,85.2,130.5,86.2,79.2,78.3,38.6,32.4,85.7,1
62,1,0,0,6.2,1,5.8,2,2,1,2,1,118.1,122.4,96.5,120.2,69.8,77.2,80.9,40.0,29.8,82.4,2
55,1,0,0,2.2,1,6.6,1,1,1,1,1,129.3,125.5,97.1,127.4,87.7,80.0,80.1,44.1,33.4,85.7,0
37,1,0,0,1.0,0,7.7,1,0,0,1,1,132.0,133.1,99.2,132.6,92.0,82.9,85.3,42.4,29.2,82.7,0
41,0,0,0,0.5,0,10.0,0,0,0,0,0,142.7,142.5,99.9,142.6,86.4,91.3,81.3,40.5,34.7,100.0,0
51,1,0,1,4.3,2,4.6,2,2,1,2,2,131.6,110.4,83.9,121.0,77.7,79.0,72.9,35.9,28.1,75.2,2
47,1,0,0,1.7,2,7.1,1,1,1,0,2,121.2,128.0,94.7,124.6,70.2,86.1,75.8,40.1,29.0,78.5,1
52,2,0,0,2.5,1,6.4,1,0,1,2,1,125.8,133.0,94.6,129.4,83.9,86.7,77.1,43.2,33.4,88.7,1
55,2,1,0,3.6,2,6.1,1,1,1,1,0,119.9,101.8,84.9,110.8,80.4,80.3,78.3,40.1,30.9,77.5,1
61,0,0,0,2.5,1,7.2,0,1,0,1,1,131.4,133.9,98.1,132.6,93.0,83.2,78.7,42.4,37.6,83.5,1
54,1,0,1,3.1,2,6.1,1,1,1,1,1,132.3,131.4,99.3,131.9,81.6,78.4,93.6,41.1,32.4,84.8,1
61,0,0,0,3.3,1,5.7,0,1,0,1,1,133.2,120.2,90.2,126.7,82.3,78.9,83.7,42.1,30.1,82.5,1
55,0,0,1,1.3,2,6.7,2,1,0,2,2,126.5,124.4,98.3,125.4,82.1,81.2,83.9,38.5,30.1,80.4,1
29,2,1,1,3.6,2,5.7,1,1,1,1,1,138.0,105.9,76.7,122.0,80.2,83.0,78.5,39.9,27.7,90.7,1
42,0,0,0,0.9,1,7.1,0,1,0,1,1,127.2,134.1,94.9,130.6,92.2,90.1,84.6,42.0,35.7,87.3,0
53,1,0,0,0.6,0,6.8,0,1,0,1,1,124.9,124.2,99.4,124.6,78.1,89.2,81.5,40.4,33.2,82.9,0
39,0,1,0,2.0,1,6.3,1,2,2,2,2,130.9,150.0,87.3,140.4,88.3,89.3,91.7,42.2,31.3,87.1,1
62,2,0,0,3.0,1,7.9,1,2,1,0,1,126.0,125.0,99.2,125.5,84.7,78.6,80.1,43.1,28.6,80.7,1
74,1,0,0,2.9,1,7.9,1,1,2,1,1,113.8,122.7,92.7,118.2,89.1,80.4,75.5,42.7,32.4,81.7,1
70,0,0,0,1.3,2,5.8,2,1,2,1,1,120.9,128.1,94.4,124.5,69.4,77.6,75.3,37.1,28.3,78.2,1
52,1,0,0,2.7,1,9.4,1,2,2,1,1,128.8,128.2,99.5,128.5,74.0,91.0,83.6,41.9,30.4,86.7,0
74,2,0,0,0.5,1,6.5,0,1,0,1,1,124.7,121.6,97.5,123.2,85.6,82.8,89.8,44.5,32.4,86.7,0
56,3,0,0,1.8,0,8.9,1,1,1,0,2,124.1,124.1,100.0,124.1,90.8,92.1,89.2,46.3,31.1,87.5,0
50,0,1,1,5.8,2,3.2,3,2,2,3,2,106.7,117.4,90.9,112.0,70.1,80.6,65.8,30.0,24.9,73.8,2
47,2,0,0,1.3,0,8.2,1,0,0,0,1,131.4,135.8,96.8,133.6,96.4,92.8,84.7,44.3,34.3,96.6,0
51,3,0,1,5.3,2,5.2,0,2,2,2,2,123.2,122.9,99.8,123.0,85.6,81.4,83.1,37.7,32.3,84.0,2
49,3,0,0,0.0,1,8.8,1,1,0,1,1,124.7,130.0,95.9,127.4,95.8,90.1,98.2,48.6,36.3,86.4,0
57,1,1,0,4.0,2,6.0,2,2,1,2,1,117.0,103.6,88.5,110.3,79.3,76.7,74.3,30.7,30.8,75.2,2
57,1,1,0,4.6,2,5.3,3,3,2,2,3,114.9,103.6,90.2,109.2,75.9,73.4,78.0,32.6,29.0,80.1,2
55,1,0,0,3.3,1,5.7,1,2,1,0,0,122.7,115.9,94.5,119.3,80.3,81.5,72.0,43.8,29.5,79.1,1
60,2,0,0,2.3,1,6.4,0,1,1,1,0,134.2,134.0,99.9,134.1,86.2,93.9,77.9,39.6,34.7,88.4,0
70,1,0,0,2.2,2,6.0,1,1,1,1,2,116.8,134.4,86.9,125.6,79.5,78.1,75.4,36.2,26.8,88.4,1
67,2,0,1,4.1,2,4.8,1,3,2,1,2,109.4,114.1,95.9,111.8,72.8,77.7,75.3,40.9,29.4,68.5,2
35,1,0,0,0.7,1,7.5,0,1,1,0,2,127.5,121.6,95.4,124.6,90.3,89.4,82.4,37.3,34.4,85.1,0
21,2,0,0,1.0,0,8.5,0,0,0,1,0,144.3,136.1,94.3,140.2,92.7,90.6,91.2,48.1,34.8,98.1,0
67,2,0,1,3.7,1,6.5,2,1,1,1,1,122.6,126.5,96.9,124.6,78.4,83.2,84.2,34.2,28.4,81.0,1
37,0,1,1,4.2,1,8.5,1,1,1,2,1,133.9,111.5,83.3,122.7,84.2,73.5,74.7,34.5,30.1,79.6,1
52,2,0,0,1.6,1,7.1,1,1,1,1,1,124.4,130.0,95.7,127.2,89.4,92.3,83.6,42.1,30.4,91.1,0
39,1,1,0,2.5,1,5.9,2,1,2,1,1,113.5,124.3,91.3,118.9,81.4,87.1,71.8,36.5,31.7,87.7,1
31,2,0,1,2.0,2,7.0,1,2,1,2,1,132.8,113.0,85.1,122.9,81.9,81.1,84.4,39.9,32.8,78.9,1
62,1,0,0,3.1,2,6.2,1,1,1,2,2,115.3,122.7,94.0,119.0,85.9,78.2,85.2,45.1,32.0,92.3,1
64,1,0,0,2.6,2,6.6,1,2,1,1,2,123.2,122.9,99.8,123.0,85.4,83.8,78.5,37.7,30.6,71.4,2
47,3,0,0,2.5,1,8.1,0,0,0,0,0,130.2,140.9,92.4,135.6,93.3,84.0,88.1,48.6,35.9,83.9,0
21,1,0,1,1.7,1,8.4,1,0,1,2,0,110.4,132.7,83.2,121.6,77.2,77.0,76.5,40.3,32.8,80.5,1
47,2,0,0,1.4,0,8.7,1,0,0,1,0,131.3,135.5,96.9,133.4,89.4,88.0,78.9,45.7,31.4,88.1,0
60,1,0,1,6.0,2,4.4,2,2,2,2,2,119.7,109.0,91.1,114.4,75.2,84.6,75.2,29.5,24.6,75.7,2
35,1,0,0,0.8,0,8.7,0,0,1,0,0,131.5,144.4,91.1,138.0,89.0,94.5,93.1,46.5,35.4,90.6,0
57,1,0,1,4.1,2,5.1,2,2,1,1,2,120.9,117.7,97.4,119.3,81.9,75.7,85.8,39.1,31.6,75.6,2
54,1,0,0,0.0,1,10.0,0,1,0,0,0,140.8,137.9,97.9,139.4,95.3,81.4,85.7,42.7,30.1,90.5,0
62,1,0,0,0.9,1,5.9,1,1,1,0,0,119.0,120.7,98.6,119.8,89.4,84.4,82.8,46.3,31.8,82.3,1
56,0,0,1,5.1,2,4.5,1,2,2,2,2,113.6,116.5,97.5,115.0,72.8,78.7,79.7,35.3,31.5,81.0,2
42,1,1,0,4.4,0,6.0,0,1,2,1,2,132.5,105.1,79.3,118.8,84.1,81.8,84.9,34.6,30.4,83.0,1
70,0,0,0,1.9,1,7.1,1,2,1,1,0,130.1,132.7,98.0,131.4,85.4,93.0,78.1,42.8,35.3,83.8,1
52,3,0,0,0.9,0,7.2,1,1,0,1,1,126.4,120.3,95.2,123.4,88.2,84.4,81.0,36.8,35.3,85.8,0
54,3,0,0,0.0,1,6.6,0,0,0,0,0,134.1,124.0,92.5,129.0,89.9,75.7,82.1,42.5,32.4,94.1,0
42,1,0,0,0.3,0,7.9,1,0,1,1,0,128.7,123.2,95.7,126.0,90.0,85.8,80.9,46.7,32.2,86.9,0
49,2,1,0,3.2,2,6.0,2,1,2,2,1,127.3,110.5,86.8,118.9,80.9,83.0,85.0,40.1,29.2,74.9,1
43,1,0,0,5.3,2,5.2,1,2,2,2,2,125.5,120.4,95.9,123.0,85.9,81.6,76.8,37.3,29.9,75.2,2
52,2,0,0,3.3,2,7.6,1,1,1,1,1,125.5,123.9,98.7,124.7,80.2,82.3,80.0,39.0,28.2,82.9,1
77,2,0,0,4.1,1,6.7,3,1,2,2,2,119.7,115.2,96.2,117.4,79.1,77.7,77.4,41.7,26.1,82.2,2
37,3,0,0,0.7,1,8.3,0,0,0,1,0,127.7,122.8,96.2,125.2,96.0,78.3,86.2,39.3,27.7,94.3,0
34,1,1,1,3.9,2,5.2,2,2,2,2,1,105.7,118.9,88.9,112.3,72.9,77.2,72.2,38.8,28.3,85.1,2
74,2,0,0,2.3,0,6.4,0,0,0,0,0,132.5,128.9,97.3,130.7,87.6,87.2,82.8,49.9,38.8,94.2,0
52,1,0,0,1.7,0,7.5,1,0,0,0,0,130.5,128.6,98.5,129.6,92.5,88.0,92.1,43.7,27.7,83.7,0
46,3,0,1,0.1,1,8.3,2,2,2,1,0,133.5,125.9,94.3,129.7,79.0,87.0,79.0,40.1,31.3,84.6,0
68,0,0,0,1.0,1,7.4,1,0,1,0,1,135.9,122.7,90.3,129.3,91.6,92.6,79.2,41.4,32.0,76.8,0
47,1,0,1,1.5,1,6.4,2,2,1,1,1,127.3,122.0,95.8,124.6,83.0,79.2,80.8,39.0,31.1,83.4,1
78,2,0,1,2.3,1,8.9,2,2,1,0,2,130.8,119.6,91.4,125.2,85.7,76.0,90.4,37.7,34.0,80.3,1
63,2,0,1,4.2,1,7.7,2,1,2,2,1,113.3,120.1,94.3,116.7,74.4,76.9,72.5,38.5,27.4,68.7,2
48,0,1,0,4.4,3,5.4,2,2,2,1,2,120.2,130.6,92.0,125.4,82.8,73.0,76.8,38.4,23.5,87.4,2
83,3,0,1,5.0,2,5.6,2,2,3,2,2,105.8,105.8,100.0,105.8,68.6,70.8,70.0,40.2,26.2,72.8,2
47,0,0,1,5.2,1,3.4,2,1,1,2,2,124.9,121.5,97.3,123.2,83.0,86.1,76.9,31.7,27.6,68.7,2
64,1,0,0,1.2,1,6.8,1,1,0,1,1,129.1,126.8,98.2,128.0,81.6,86.4,87.7,34.1,26.7,85.5,0
58,0,1,0,4.8,2,6.1,2,1,1,1,1,111.3,106.1,95.3,108.7,92.5,92.1,70.8,44.4,31.4,91.3,1
71,1,0,0,0.9,0,7.7,1,1,0,1,1,135.2,128.7,95.2,132.0,88.3,86.7,79.7,42.2,29.7,97.6,0
75,1,0,0,2.2,1,6.9,1,2,0,1,1,132.5,125.3,94.6,128.9,96.2,79.0,86.7,41.3,31.7,86.2,0
55,1,0,0,1.2,0,5.4,1,1,1,0,2,128.4,138.2,92.9,133.3,84.8,82.8,84.9,43.6,31.8,88.7,0
45,0,0,0,2.1,1,7.9,2,1,1,1,1,126.5,135.4,93.4,131.0,85.0,90.6,83.9,40.8,29.4,92.8,0
60,0,0,0,2.4,1,8.1,1,0,1,0,1,127.7,122.3,95.8,125.0,93.2,79.7,86.3,47.2,34.3,85.8,0
46,1,0,0,2.5,1,9.0,1,1,0,1,1,116.6,124.4,93.7,120.5,79.7,87.9,78.0,42.6,31.3,88.5,0
81,2,0,0,2.1,1,5.8,1,2,1,1,2,109.2,132.2,82.6,120.7,80.0,80.6,84.7,38.2,30.9,87.3,1
56,2,0,0,0.8,0,6.7,0,0,0,0,1,136.6,134.1,98.2,135.4,89.7,80.8,87.0,40.3,33.6,81.3,0
50,0,0,1,7.1,2,2.2,2,2,1,3,2,108.5,116.0,93.5,112.2,71.6,83.5,74.3,35.9,29.0,84.3,2
57,1,1,0,2.6,1,6.1,1,1,1,2,1,133.2,110.6,83.0,121.9,85.2,78.6,80.9,36.8,30.8,77.9,1
37,0,1,0,4.4,2,6.7,2,1,2,2,1,126.6,100.7,79.5,113.6,80.9,75.3,82.1,43.0,27.4,76.7,2
42,0,0,0,0.3,1,7.0,0,1,1,1,1,138.3,139.6,99.1,139.0,79.7,85.1,79.9,41.7,29.4,87.2,0
70,2,0,0,2.0,1,9.3,1,2,1,1,2,122.8,124.0,99.0,123.4,90.6,81.7,84.8,37.1,32.0,90.0,1
46,1,0,1,3.8,1,5.3,2,2,2,2,1,107.8,113.1,95.3,110.4,73.1,90.0,84.4,38.8,26.9,82.6,2
41,0,0,1,4.5,2,5.7,2,2,3,2,1,110.4,107.3,97.2,108.8,82.9,83.9,78.5,41.8,31.1,78.7,2
61,0,1,0,1.1,2,4.4,2,1,2,2,1,115.5,136.5,84.6,126.0,80.5,76.3,75.0,41.0,29.1,81.1,2
70,0,0,1,4.6,2,5.3,3,2,2,2,3,99.9,128.4,77.8,114.2,74.8,74.6,85.1,34.2,30.0,82.4,2
64,2,0,0,1.3,1,5.0,2,2,2,1,1,122.7,115.2,93.9,119.0,79.5,73.5,82.0,36.9,28.9,84.6,1
67,3,1,0,3.9,2,6.6,2,1,2,2,2,117.9,136.0,86.7,127.0,82.2,80.5,83.7,42.5,26.8,76.3,2
45,0,0,0,1.5,1,7.7,0,1,2,0,2,117.7,126.6,93.0,122.2,80.6,79.8,78.6,35.4,35.5,81.5,1
36,0,0,1,2.4,1,7.6,1,3,1,2,1,114.6,126.0,91.0,120.3,87.8,81.3,83.2,39.9,29.8,86.0,1
74,2,0,0,3.8,2,4.4,1,2,1,1,2,114.8,111.4,97.0,113.1,84.7,68.3,72.1,35.5,31.2,74.3,2
50,3,0,0,0.0,0,9.5,0,1,0,0,1,141.1,129.5,91.8,135.3,100.0,91.3,91.0,48.6,31.2,85.5,0
51,1,0,1,2.9,2,6.7,1,1,1,1,2,115.3,115.9,99.5,115.6,83.0,89.2,74.6,35.5,29.4,79.8,1
72,0,0,0,1.4,1,7.4,1,1,1,1,1,126.8,115.4,91.0,121.1,82.6,83.6,90.0,37.7,34.4,83.8,1
62,0,1,0,3.2,2,3.6,2,2,3,3,3,111.9,102.6,91.7,107.2,73.5,71.3,70.5,37.4,23.7,79.4,2
60,1,0,1,3.6,1,4.5,1,1,1,1,1,125.1,135.9,92.1,130.5,82.7,83.1,74.8,42.4,36.8,76.8,1
83,1,1,0,4.1,3,4.4,2,3,2,2,2,104.7,114.2,91.7,109.4,74.5,73.4,70.5,38.8,27.5,75.2,2
46,0,0,0,1.5,0,7.7,0,1,1,0,1,122.5,125.7,97.5,124.1,90.6,97.5,86.7,43.3,30.5,93.6,0
67,1,0,0,2.9,0,6.8,1,1,1,1,1,137.6,128.3,93.2,133.0,92.5,83.0,81.8,41.9,32.7,81.7,0
55,0,0,0,0.8,1,8.8,0,2,0,0,1,135.6,134.2,99.0,134.9,89.4,81.2,80.7,45.5,35.7,89.0,0
58,2,1,0,2.5,2,6.1,1,1,1,2,2,126.5,134.5,94.1,130.5,74.5,80.7,82.8,34.5,28.0,70.5,1
74,1,1,0,5.8,2,2.6,3,4,3,2,3,107.2,124.1,86.4,115.6,70.6,74.2,75.7,31.8,25.1,77.2,2
61,0,0,0,3.9,2,4.8,1,1,2,1,2,123.0,121.6,98.9,122.3,91.7,85.5,71.6,35.9,31.5,87.5,1
61,1,1,0,3.5,2,3.7,3,2,1,3,2,116.0,101.2,87.2,108.6,68.6,80.1,68.5,28.1,29.3,76.3,2
68,1,1,1,7.0,3,4.7,4,4,2,3,3,87.4,95.4,91.6,91.4,70.0,77.6,62.8,33.9,23.9,60.2,2
50,3,1,1,2.9,2,5.5,2,3,2,2,2,106.2,122.0,87.0,114.1,74.3,73.3,70.1,40.4,29.1,79.6,2
44,1,0,0,0.9,0,8.4,0,1,0,0,0,127.8,119.8,93.7,123.8,85.5,84.3,87.9,44.2,35.2,87.9,0
41,1,1,0,3.7,0,5.7,2,2,1,1,2,116.2,123.3,94.2,119.8,82.4,70.5,85.8,39.2,30.1,66.3,2
29,2,1,1,2.6,1,5.8,2,2,1,1,2,114.8,109.3,95.2,112.0,89.0,83.7,75.4,38.7,28.2,84.9,1
81,1,0,0,2.5,2,7.7,1,1,2,1,2,124.8,115.0,92.1,119.9,84.8,77.5,86.9,39.5,30.6,88.5,1
40,3,1,0,0.0,0,7.6,1,1,0,1,1,132.1,127.5,96.5,129.8,87.9,91.6,77.3,47.3,37.3,95.2,0
52,1,0,1,4.3,2,5.9,2,1,3,2,2,124.1,118.5,95.5,121.3,71.7,75.4,76.8,41.7,29.7,71.7,2
51,1,0,1,4.2,1,6.0,1,1,2,1,1,136.6,123.7,90.6,130.2,81.9,90.0,75.4,37.3,33.5,72.5,1
58,0,0,1,3.1,2,7.2,1,2,1,1,2,108.0,105.7,97.9,106.8,71.5,70.6,76.9,40.3,27.5,76.0,2
65,1,0,1,2.7,2,7.0,2,2,1,2,1,121.9,106.3,87.2,114.1,80.3,86.1,69.1,42.5,30.8,84.1,1
66,2,0,0,3.2,1,8.0,1,2,1,1,1,125.2,122.5,97.8,123.8,83.9,87.4,73.6,41.8,33.0,79.0,1
47,2,0,0,2.2,0,8.0,0,0,0,0,1,134.4,140.1,95.9,137.2,79.4,91.5,88.9,44.4,37.4,82.5,0
52,0,1,0,2.5,1,6.6,2,3,2,2,2,110.4,113.2,97.5,111.8,86.0,73.0,72.2,38.5,32.2,82.5,2
58,0,0,0,3.1,2,5.9,1,1,1,2,1,115.3,110.3,95.7,112.8,75.5,83.5,76.2,34.3,27.3,79.7,1
51,2,0,0,2.6,1,7.3,0,0,1,2,1,128.1,122.2,95.4,125.2,84.9,84.9,90.7,35.9,34.5,88.4,1
75,3,0,1,3.8,2,7.3,2,1,2,2,2,111.9,110.9,99.1,111.4,82.2,69.8,76.4,40.0,33.5,79.4,2
61,0,0,1,0.4,2,5.6,1,1,1,1,1,124.4,120.8,97.1,122.6,90.1,90.1,84.0,36.3,29.3,82.3,1
64,1,1,0,7.1,3,3.1,1,3,2,3,3,100.4,93.7,93.3,97.1,64.7,68.1,61.9,28.4,23.1,68.7,2
63,1,0,1,6.8,2,4.6,2,2,2,2,2,110.1,111.4,98.8,110.8,61.2,81.5,63.7,28.7,27.1,72.1,2
70,2,1,1,6.4,3,3.8,2,3,2,4,3,98.2,104.5,94.0,101.4,75.4,70.7,66.6,31.8,26.3,68.1,2
57,0,0,0,1.0,1,7.0,2,2,1,1,1,129.2,121.3,93.9,125.2,80.6,90.1,75.1,42.3,31.1,80.8,0
38,0,0,0,1.2,1,9.9,0,0,1,0,0,125.1,140.0,89.4,132.6,90.1,82.1,80.4,43.2,29.6,90.1,0
60,2,0,0,3.5,2,6.5,0,1,1,0,0,131.2,133.9,98.0,132.6,90.3,87.4,85.0,44.3,36.2,93.8,0
46,0,0,0,4.0,1,7.9,2,2,2,1,2,130.2,127.9,98.2,129.0,66.4,82.4,78.1,38.0,28.3,79.9,1
48,1,0,0,2.7,0,8.6,1,0,1,1,0,129.5,134.0,96.6,131.8,78.6,83.4,84.0,41.4,30.7,95.4,0
62,1,0,0,2.3,1,9.5,0,2,1,1,1,130.8,131.3,99.6,131.0,85.0,81.2,85.9,43.9,32.5,88.6,0
71,1,0,0,1.9,0,5.4,1,1,1,0,1,130.1,128.2,98.5,129.1,71.9,68.1,74.6,41.5,27.6,85.6,1
55,1,0,0,2.8,1,5.6,1,1,1,1,1,113.9,126.1,90.3,120.0,76.1,77.5,74.1,37.5,26.6,85.7,1
59,1,0,1,4.9,1,6.0,1,3,2,1,3,121.3,110.3,90.9,115.8,75.5,78.6,60.6,36.4,26.5,79.9,2
77,0,0,0,5.2,2,3.0,3,2,2,2,4,106.7,118.2,90.3,112.4,75.9,69.3,71.0,30.2,30.2,74.1,2
58,1,0,1,5.8,1,3.6,2,2,2,2,1,120.2,112.1,93.3,116.2,79.2,71.5,77.7,36.8,29.1,80.4,2
88,2,0,0,4.3,2,5.8,1,2,1,1,2,126.2,122.3,96.9,124.2,84.6,74.2,85.8,37.1,25.2,87.2,1
62,2,1,0,0.0,1,8.3,1,0,0,0,1,126.2,119.7,94.8,123.0,80.8,88.2,85.6,46.8,36.4,86.6,0
32,0,0,1,3.4,1,8.0,2,2,2,1,2,127.9,128.1,99.8,128.0,76.0,77.0,85.3,36.1,32.4,82.1,1
64,0,0,0,3.7,1,6.4,2,1,2,1,2,126.1,119.3,94.6,122.7,87.1,88.3,81.2,39.8,31.2,79.1,1
59,1,1,0,4.8,1,4.7,1,2,2,2,3,127.1,134.1,94.8,130.6,85.8,81.5,75.1,35.8,29.2,75.6,2
71,1,0,1,3.8,2,5.4,2,2,2,2,2,115.8,124.8,92.8,120.3,72.6,78.2,70.8,35.0,30.2,75.7,2
63,1,0,0,4.5,2,8.4,0,0,1,1,0,130.4,127.8,98.0,129.1,90.1,88.3,72.4,43.2,38.5,83.6,0
53,2,0,0,0.9,1,7.7,1,1,1,1,1,124.1,132.1,93.9,128.1,90.2,80.7,88.0,39.5,33.9,85.3,0
39,0,0,0,1.2,1,7.0,1,1,1,0,1,116.3,123.7,94.0,120.0,87.1,80.5,81.3,46.2,32.4,87.0,1
52,0,1,1,6.3,2,1.5,3,2,2,3,2,103.2,114.1,90.4,108.6,69.6,75.2,74.7,27.6,23.0,73.3,2
43,1,1,0,6.2,1,4.5,2,2,1,1,1,114.7,126.2,90.9,120.4,75.4,82.8,70.2,39.1,29.4,74.5,2
47,2,1,0,2.9,2,7.2,2,1,1,1,2,120.2,133.1,90.3,126.6,90.2,83.1,88.5,37.7,31.5,77.0,2
62,0,0,0,2.3,2,7.2,0,1,1,1,2,116.9,125.4,93.2,121.2,85.4,81.2,79.5,40.1,31.0,88.7,1
76,1,0,0,4.2,1,6.1,1,1,1,1,1,120.7,116.6,96.6,118.6,84.6,79.7,75.2,40.1,29.1,79.3,1
60,1,0,1,3.9,2,6.7,1,2,1,1,2,120.8,128.2,94.2,124.5,81.0,74.2,74.5,40.6,30.6,83.3,2
39,2,0,0,0.9,1,7.1,1,1,1,0,0,136.8,126.2,92.3,131.5,85.9,91.6,86.3,43.4,30.7,85.6,0
60,2,0,0,3.4,1,6.4,1,1,1,1,0,112.3,122.0,92.0,117.2,83.8,72.5,79.1,42.6,32.9,85.0,1
70,1,0,0,3.6,1,6.3,1,2,1,2,2,124.8,117.1,93.8,121.0,80.0,69.7,75.1,38.8,29.0,85.0,1
47,0,0,1,6.2,2,3.9,2,2,3,2,2,108.6,96.6,89.0,102.6,72.7,64.6,62.0,32.1,22.1,61.2,2
53,1,0,0,5.1,1,5.8,1,1,0,1,1,117.0,123.3,94.9,120.2,81.4,68.5,72.0,37.6,28.3,84.0,2
55,0,1,1,6.0,2,3.6,2,2,2,2,2,92.8,124.3,74.7,108.6,67.6,79.6,74.3,37.6,26.4,78.9,2
44,2,1,1,1.9,1,6.5,1,1,0,1,0,139.6,125.2,89.7,132.4,82.5,90.5,79.7,40.7,34.0,86.4,0
63,2,0,0,3.4,2,6.5,2,1,1,1,1,122.7,111.3,90.7,117.0,84.8,75.3,69.7,35.7,31.4,83.7,1
53,2,0,0,1.9,0,6.8,0,1,0,1,0,122.8,130.0,94.5,126.4,86.8,86.8,79.6,44.2,29.7,84.6,0
60,2,0,0,1.6,1,8.2,2,1,1,1,0,133.6,129.3,96.8,131.4,87.3,94.3,84.0,43.2,33.1,90.1,0
43,1,1,1,4.5,3,6.4,2,2,2,1,1,116.1,117.1,99.1,116.6,67.4,79.4,69.6,34.2,27.0,89.3,2
49,0,0,0,3.1,1,7.3,1,0,1,1,1,136.3,124.1,91.0,130.2,92.2,96.1,81.6,40.7,31.3,75.8,0
64,2,0,0,4.3,2,5.6,2,1,1,2,2,122.2,130.5,93.6,126.4,86.6,82.2,75.9,39.2,28.5,81.1,1
50,1,0,1,0.7,1,7.2,1,1,0,0,1,127.3,138.1,92.2,132.7,89.7,81.3,86.9,40.8,31.6,89.6,0
77,2,0,0,2.1,2,6.6,2,1,0,1,1,124.3,137.9,90.1,131.1,88.8,79.7,84.9,43.1,39.8,92.6,0
49,1,0,0,1.5,0,7.9,0,2,0,1,1,130.9,132.7,98.6,131.8,78.7,84.7,93.0,39.6,36.4,78.8,0
57,0,1,0,4.5,1,4.6,3,1,2,2,2,107.6,106.4,98.9,107.0,77.0,80.6,70.5,38.0,25.4,72.7,2
67,3,0,0,3.0,1,8.6,1,2,1,1,1,119.7,120.3,99.5,120.0,81.6,83.8,79.0,38.5,31.3,81.3,1
36,0,0,1,3.2,0,8.2,2,1,1,1,1,125.2,129.2,96.9,127.2,80.2,81.8,86.7,45.3,30.5,81.3,1
32,3,0,0,0.0,1,9.3,1,0,0,0,0,132.6,144.4,91.8,138.5,97.5,98.3,92.0,50.1,35.4,93.4,0
35,3,0,0,0.0,1,9.9,0,0,1,0,0,148.0,142.1,96.0,145.0,100.0,93.7,84.2,41.9,36.9,85.8,0
71,2,1,1,4.9,2,3.2,3,3,2,3,2,117.3,98.9,84.3,108.1,78.8,71.5,71.0,30.1,26.0,70.3,2
47,2,0,0,3.5,1,6.9,0,1,2,2,1,121.9,134.8,90.4,128.4,87.5,79.2,82.2,42.9,29.3,79.3,1
88,1,1,1,2.5,2,3.9,2,2,2,2,1,101.3,125.3,80.8,113.3,73.8,73.0,61.7,35.8,30.2,73.8,2
47,2,0,1,4.0,1,7.5,1,1,1,1,1,125.9,120.3,95.6,123.1,82.8,85.0,76.5,41.4,27.8,79.9,1
57,1,0,0,1.8,1,9.7,1,1,1,0,1,129.7,123.6,95.3,126.6,85.4,83.8,86.3,40.6,33.6,88.3,0
75,1,0,0,3.2,1,8.5,1,1,1,0,0,136.4,129.1,94.6,132.8,86.3,79.6,90.5,41.1,28.6,81.9,0
81,1,0,1,5.3,2,4.9,2,3,2,2,2,103.3,107.5,96.1,105.4,77.5,71.0,73.2,33.5,24.3,77.8,2
81,1,0,0,1.7,2,6.6,2,2,2,3,2,121.4,105.9,87.2,113.6,89.0,79.0,73.3,38.8,31.3,78.1,2
70,1,0,0,3.6,2,6.8,2,2,1,2,2,122.1,106.9,87.6,114.5,78.1,88.0,74.6,35.2,28.6,81.9,1
68,1,0,1,6.2,2,3.5,2,2,2,3,2,107.5,112.0,96.0,109.8,65.4,69.7,75.9,35.4,23.1,74.7,2
62,1,0,0,3.1,2,9.1,1,0,1,1,1,129.0,126.5,98.1,127.8,83.8,85.9,70.0,37.2,30.0,85.9,0
65,2,1,1,4.5,1,6.2,3,2,2,2,2,115.5,96.9,83.9,106.2,79.0,73.3,67.0,33.7,25.4,74.6,2
47,0,1,0,5.6,2,3.7,2,3,2,1,1,108.5,112.2,96.7,110.4,83.2,72.2,76.7,34.2,23.7,77.1,2
44,3,0,0,0.4,1,8.2,0,1,0,1,0,135.5,129.4,95.5,132.4,98.0,96.7,88.2,44.8,35.1,89.2,0
54,2,1,0,3.3,1,6.0,2,2,2,1,1,111.0,121.1,91.7,116.0,85.0,78.6,71.1,39.0,25.1,74.8,2
52,2,0,1,4.1,1,6.9,1,1,1,1,1,128.5,125.5,97.7,127.0,78.0,76.7,72.3,41.3,28.8,82.2,1
49,1,0,0,0.0,0,8.8,0,1,0,0,1,143.2,131.7,92.0,137.4,88.8,94.7,92.3,39.6,34.6,88.9,0
64,2,1,1,3.0,1,4.4,2,1,1,1,2,115.2,132.5,86.9,123.8,72.9,83.1,76.2,41.5,28.4,79.0,2
67,0,0,0,1.5,1,7.2,1,2,0,1,1,124.1,118.2,95.2,121.2,81.2,78.2,79.3,38.1,30.1,78.8,1
56,2,0,0,1.2,1,7.3,1,1,1,1,1,132.7,124.6,93.9,128.6,88.7,76.8,81.8,38.1,29.2,88.9,1
74,0,0,0,4.1,1,6.3,1,3,2,1,2,110.3,122.8,89.8,116.6,87.3,80.7,76.2,38.3,26.1,75.1,2
40,2,1,0,4.8,3,6.2,2,1,1,2,2,122.7,135.9,90.3,129.3,82.3,79.7,77.1,37.1,28.1,86.3,2
52,3,1,0,2.2,1,6.8,2,2,2,0,0,122.8,139.2,88.2,131.0,84.2,81.6,74.6,41.6,33.1,84.6,1
45,1,0,0,1.5,2,7.5,2,1,1,1,0,133.4,123.6,92.7,128.5,77.8,87.2,73.9,41.0,29.5,87.0,1
30,0,0,0,1.5,0,8.9,0,0,1,0,1,136.5,127.2,93.2,131.8,91.8,86.8,91.3,41.5,34.4,87.6,0
53,2,0,1,5.1,1,5.7,2,2,1,1,1,128.0,122.2,95.5,125.1,82.5,82.7,80.3,38.0,32.8,71.4,1
53,1,0,0,1.5,1,7.2,1,1,1,1,1,123.3,133.0,92.7,128.2,79.3,90.8,84.2,40.6,33.4,77.8,0
74,2,0,1,3.5,2,3.7,2,2,1,1,3,109.2,115.7,94.4,112.4,83.5,76.8,72.2,40.3,25.9,91.3,2
63,0,1,0,6.1,3,3.7,1,2,2,2,2,106.2,88.4,83.2,97.3,70.5,64.0,73.2,33.0,27.9,69.8,2
41,0,0,0,3.0,1,8.8,0,0,0,1,0,133.7,126.8,94.8,130.2,93.9,85.4,83.2,40.9,35.6,94.4,0
79,3,0,0,1.1,2,8.2,1,1,0,0,0,127.6,136.1,93.8,131.8,88.5,87.5,90.6,38.9,31.2,81.4,0
70,2,0,0,1.2,1,8.5,2,1,0,2,0,129.7,118.9,91.7,124.3,86.2,88.4,76.8,37.4,27.3,85.2,1
62,2,0,0,2.5,0,7.3,0,0,1,1,1,127.8,133.4,95.8,130.6,83.9,83.0,80.4,37.4,31.1,88.6,0
52,1,1,0,7.1,3,3.6,3,2,2,2,4,90.8,94.4,96.2,92.6,67.9,79.3,65.9,30.9,26.1,84.2,2
42,2,0,0,1.8,1,8.5,1,1,0,0,1,132.8,128.8,97.0,130.8,91.0,79.4,87.6,46.3,33.8,85.5,0
50,1,0,1,2.5,2,8.8,1,2,1,1,1,116.8,126.8,92.1,121.8,82.0,82.4,78.4,41.2,29.1,78.7,1
69,1,0,0,3.0,0,7.6,0,0,1,0,1,126.1,121.8,96.6,124.0,81.4,84.0,82.7,45.0,26.9,88.1,0
79,2,0,1,3.5,2,5.5,1,1,1,0,1,132.2,130.3,98.6,131.2,83.8,88.8,77.2,36.6,27.5,78.2,1
75,1,0,0,1.5,1,8.0,1,1,1,1,1,137.2,129.2,94.2,133.2,87.7,76.8,82.8,34.8,32.5,87.3,1
48,1,0,0,2.0,0,9.4,0,1,0,1,1,125.1,135.1,92.6,130.1,94.0,87.5,82.4,42.2,37.1,86.3,0
40,1,0,0,1.3,1,6.6,1,2,1,1,1,128.3,117.4,91.5,122.8,90.3,82.0,76.5,45.6,31.1,80.3,1
56,2,0,0,3.5,2,7.6,1,1,1,1,1,120.6,131.1,92.0,125.8,83.6,90.3,80.4,38.3,34.2,85.9,1
32,0,0,0,1.4,1,9.1,0,1,2,1,2,128.7,137.1,93.9,132.9,85.6,82.3,84.6,42.2,29.9,88.2,0
59,2,0,0,1.4,0,8.7,1,1,1,0,1,125.9,135.7,92.8,130.8,86.6,88.0,95.1,36.9,30.7,90.9,0
53,0,1,0,4.3,2,5.3,2,2,2,1,2,104.5,122.9,85.0,113.7,75.0,73.2,71.0,36.9,22.8,85.8,2
48,1,0,0,1.5,0,7.3,1,1,1,1,0,131.9,135.0,97.7,133.4,91.6,87.9,80.3,41.8,33.7,85.8,0
34,2,0,0,3.1,1,7.2,1,1,2,0,2,128.7,139.2,92.5,134.0,91.2,82.6,83.1,34.5,29.5,83.4,1
61,0,0,0,3.2,2,7.3,1,2,1,1,1,120.7,122.1,98.9,121.4,90.6,81.2,75.3,36.9,32.6,77.3,1
48,0,0,0,2.0,1,8.3,1,1,0,1,0,134.2,123.9,92.3,129.0,84.4,74.9,76.8,37.6,30.6,88.5,0
39,0,0,1,2.3,0,8.3,1,0,0,0,1,128.5,129.1,99.5,128.8,86.3,88.9,77.1,37.3,37.8,84.9,0
20,1,0,1,2.3,1,7.2,1,1,1,1,0,125.1,136.1,91.9,130.6,85.3,80.2,79.1,39.2,36.7,88.5,0
54,2,0,0,2.0,1,7.6,1,0,0,1,0,128.8,122.9,95.4,125.8,75.5,78.1,77.1,41.8,25.6,90.5,1
78,0,0,1,4.0,2,6.2,2,2,1,1,2,106.7,110.3,96.7,108.5,72.4,70.2,68.3,35.2,30.4,74.8,2
76,2,0,1,3.5,1,6.2,1,0,1,0,2,124.2,121.0,97.4,122.6,80.1,74.3,75.2,41.5,27.7,77.7,2
49,1,0,0,3.0,1,6.1,1,1,1,1,1,122.9,117.7,95.8,120.3,86.8,86.0,68.8,39.1,32.9,89.5,1
47,1,0,0,0.4,0,8.6,0,0,0,0,0,141.8,139.9,98.7,140.9,94.6,91.8,89.8,44.6,30.6,94.8,0
61,3,0,1,3.7,2,6.4,2,3,1,2,2,124.2,120.4,96.9,122.3,74.9,81.6,72.3,38.8,32.6,81.6,2
42,1,0,0,3.2,0,6.9,0,0,1,0,2,136.8,122.0,89.2,129.4,87.7,82.8,83.5,47.3,35.8,87.4,0
58,1,0,1,4.4,1,3.9,1,1,1,1,1,115.1,124.9,92.2,120.0,79.8,81.4,80.2,36.3,26.4,73.7,1
64,0,0,0,1.3,1,8.9,1,1,1,1,1,120.6,123.4,97.7,122.0,84.8,82.0,84.3,42.4,31.5,82.6,0
70,0,1,0,5.8,3,4.8,2,2,1,2,2,101.4,89.5,88.3,95.4,77.7,79.3,67.8,32.3,27.8,69.3,2
53,1,0,0,4.1,2,6.1,2,1,2,1,1,123.6,116.3,94.1,120.0,72.5,80.7,77.6,42.6,30.9,81.8,2
52,0,1,0,5.1,2,3.7,2,2,2,3,2,112.1,120.3,93.2,116.2,70.5,72.9,80.5,33.0,28.1,77.7,2
43,1,0,1,2.6,1,7.8,2,0,0,0,0,122.3,121.7,99.5,122.0,83.8,89.0,76.0,41.5,33.4,81.8,1
44,1,0,1,5.2,1,5.8,2,2,2,2,1,116.1,111.3,95.9,113.7,72.2,81.1,79.1,42.1,28.9,76.7,2
52,1,0,0,2.2,2,6.1,0,0,0,1,1,135.9,138.1,98.4,137.0,78.2,78.9,77.7,38.0,33.8,89.5,0
59,0,1,0,5.4,2,5.5,2,2,2,3,1,113.1,94.2,83.3,103.6,65.7,65.3,75.8,36.5,23.6,71.8,2
66,1,0,1,5.8,2,4.9,2,2,2,2,2,115.3,110.9,96.2,113.1,74.9,69.3,69.0,33.1,28.0,73.2,2
44,2,0,0,0.2,0,9.1,0,1,0,0,0,143.8,141.7,98.5,142.8,98.2,100.0,86.2,52.0,37.9,100.0,0
74,3,0,0,1.8,1,7.5,1,2,2,0,0,131.5,122.0,92.8,126.8,91.7,81.4,89.7,36.2,36.1,85.0,0
51,0,0,0,3.4,2,4.4,1,1,1,2,1,124.1,124.5,99.7,124.3,90.7,91.1,82.4,34.7,30.9,85.8,1
54,2,0,1,3.3,2,6.7,1,2,2,1,3,121.8,120.7,99.1,121.2,82.0,75.3,74.2,35.2,29.8,83.2,1
45,1,1,1,4.1,1,5.7,1,2,1,2,1,116.2,124.9,93.0,120.6,79.7,72.3,75.5,33.9,32.4,70.8,2
23,1,1,0,1.4,1,7.3,1,0,0,1,1,133.0,138.5,96.0,135.8,85.8,89.7,79.1,42.8,31.8,83.0,0
66,1,0,0,0.5,0,9.5,1,1,0,2,0,135.0,130.9,97.0,133.0,89.0,92.4,77.5,48.0,36.0,93.4,0
64,0,1,1,5.0,2,2.1,2,3,2,3,2,100.1,118.5,84.5,109.3,81.5,74.6,68.9,37.1,25.9,70.7,2
51,0,0,0,2.6,1,4.9,1,2,2,1,2,119.9,119.7,99.8,119.8,80.2,81.9,73.4,38.1,29.2,71.5,2
55,1,0,0,1.9,2,5.8,1,2,2,0,2,125.2,132.8,94.3,129.0,85.5,78.5,74.9,39.7,28.1,85.3,1
61,1,0,0,4.0,3,5.1,2,2,2,2,1,119.8,116.6,97.3,118.2,72.8,82.3,81.3,35.4,25.8,75.4,2
34,3,0,1,2.8,2,6.8,0,1,1,1,0,123.6,121.0,97.9,122.3,86.2,84.0,75.4,41.0,33.4,85.9,1
48,1,1,0,4.1,2,5.6,3,1,1,1,2,119.5,130.8,91.4,125.2,80.8,75.4,74.6,36.1,32.9,90.9,2
65,0,0,0,2.1,2,4.7,2,2,2,2,2,113.8,124.1,91.7,119.0,82.7,77.4,79.0,37.1,28.7,79.0,2
38,2,0,0,3.0,0,7.2,0,1,2,1,0,136.2,136.3,99.9,136.2,92.5,92.6,83.5,40.1,32.5,91.7,0
58,1,0,0,3.3,1,9.0,0,1,1,1,1,124.6,118.8,95.3,121.7,85.6,86.6,78.3,37.2,34.3,84.4,0
37,1,0,0,2.6,1,9.7,1,1,1,1,1,125.1,123.4,98.6,124.2,85.4,73.9,83.5,40.9,32.6,80.1,0
61,2,0,0,5.2,1,6.4,1,2,1,1,1,124.8,119.1,95.4,122.0,81.6,85.5,80.3,38.8,24.2,86.8,1
54,3,1,0,1.9,1,5.9,1,1,2,2,1,121.4,138.0,88.0,129.7,84.1,86.4,83.8,37.8,33.3,80.1,1
34,2,1,0,4.0,2,8.9,0,0,0,1,1,141.1,142.9,98.7,142.0,92.9,83.0,91.6,38.7,28.6,84.9,0
70,2,1,0,3.4,2,3.7,2,2,2,2,2,118.1,98.5,83.4,108.3,82.9,77.9,71.6,38.4,28.5,86.4,2
45,2,0,0,2.3,0,7.1,1,1,1,0,1,128.2,135.4,94.7,131.8,90.5,85.6,83.4,42.4,30.9,84.5,0
44,3,0,1,1.8,1,5.7,1,2,2,1,1,126.9,117.7,92.8,122.3,92.7,71.6,72.2,44.7,28.8,88.3,1
57,1,0,1,2.6,1,5.7,1,1,1,1,2,121.9,114.7,94.1,118.3,71.2,81.1,83.6,44.2,31.2,86.0,1
69,0,0,0,5.0,2,4.6,1,2,1,1,2,118.9,105.1,88.4,112.0,74.3,74.7,74.0,32.7,30.5,73.8,2
41,1,0,1,2.4,1,6.1,2,2,1,1,1,130.8,129.3,98.9,130.0,84.9,82.8,79.9,39.7,31.4,86.2,1
55,0,0,0,3.0,2,7.2,0,1,1,1,0,134.1,146.5,91.5,140.3,82.4,81.6,78.4,36.5,35.1,81.7,1
60,2,0,1,2.9,2,6.7,1,1,0,2,1,120.9,117.4,97.1,119.2,79.0,85.7,77.8,34.1,34.6,87.7,1
64,1,0,0,4.1,2,4.2,1,2,1,2,2,105.7,109.2,96.8,107.4,67.8,72.3,74.0,42.8,32.0,82.6,2
57,1,0,0,1.9,1,6.7,0,2,1,0,1,122.0,135.8,89.8,128.9,83.6,88.2,76.1,44.8,31.2,84.9,1
50,0,0,0,2.5,0,7.6,1,1,1,0,2,128.8,122.9,95.4,125.8,92.9,89.5,82.4,40.0,31.4,94.5,0
44,2,0,0,1.4,1,8.3,1,1,1,1,1,138.2,134.0,97.0,136.1,90.7,91.9,82.5,44.9,31.9,87.0,0
56,1,1,1,6.9,3,3.4,3,2,2,2,3,118.7,133.6,88.8,126.2,67.4,80.6,60.3,37.9,29.0,76.0,2
41,2,0,0,2.3,1,9.2,1,1,0,1,0,135.6,127.7,94.2,131.6,91.6,97.0,80.6,37.1,36.0,100.0,0
20,1,1,0,1.3,1,7.1,1,2,2,2,1,122.8,135.3,90.8,129.0,89.9,76.0,75.7,41.9,24.1,95.1,1
60,1,0,0,2.9,1,8.3,0,0,0,1,1,127.5,122.0,95.7,124.8,80.2,87.7,91.2,40.1,33.1,86.3,0
66,0,0,1,6.1,2,6.8,2,1,2,2,2,121.5,104.2,85.8,112.8,78.0,74.7,70.9,38.5,23.1,80.1,2
24,0,0,0,0.3,0,8.4,0,0,0,0,0,150.0,150.0,100.0,150.0,96.4,100.0,89.7,54.0,35.0,88.7,0
41,2,1,0,2.6,1,7.1,0,1,1,1,1,139.4,114.6,82.2,127.0,87.2,88.5,77.6,46.0,30.8,90.6,0
63,3,1,1,7.5,2,4.8,3,3,2,2,3,109.6,87.7,80.0,98.6,73.5,77.4,62.4,32.4,23.4,71.6,2
81,1,0,0,4.3,2,4.6,2,2,1,3,1,120.1,115.6,96.3,117.8,69.1,78.7,65.8,40.5,30.3,72.7,2
55,0,0,0,2.7,2,4.1,1,1,1,1,1,130.1,127.7,98.2,128.9,79.7,70.2,83.9,34.4,29.6,90.2,1
45,1,0,1,3.1,2,4.9,2,2,2,3,1,114.0,112.4,98.6,113.2,80.7,73.1,67.0,38.1,28.4,75.8,2
52,2,0,0,1.8,0,8.0,1,1,1,1,0,126.2,131.1,96.3,128.6,80.0,83.1,88.5,43.5,30.3,85.2,0
72,2,1,0,4.7,1,2.7,2,2,2,1,2,115.8,125.3,92.4,120.6,82.4,76.0,77.0,39.2,29.0,80.2,2
46,0,0,0,2.7,1,8.7,1,2,2,1,1,130.1,133.7,97.3,131.9,88.6,86.5,81.7,39.4,34.2,83.5,0
44,0,0,1,4.4,1,5.4,2,2,1,1,1,111.9,122.5,91.3,117.2,85.3,83.2,82.3,39.8,27.9,81.1,1
48,2,0,0,0.6,0,8.4,1,1,0,0,2,130.9,129.7,99.1,130.3,87.0,74.1,100.0,44.9,34.5,97.4,0
42,1,0,1,3.4,2,5.4,2,2,1,1,2,112.4,117.9,95.3,115.2,81.9,77.6,78.0,30.6,29.4,76.1,2
56,1,0,1,5.7,2,4.4,1,1,1,1,2,124.2,116.2,93.6,120.2,74.0,76.8,70.5,36.9,29.5,83.0,2
76,0,0,0,3.8,2,4.4,2,1,2,2,2,113.6,131.6,86.3,122.6,76.9,85.4,82.7,34.7,28.2,75.9,2
59,1,0,1,4.8,1,4.0,2,2,2,2,2,115.4,112.1,97.1,113.8,76.8,79.5,74.0,38.3,30.2,71.8,2
51,2,0,0,1.9,0,8.6,0,1,1,0,1,124.2,130.1,95.5,127.2,82.5,84.4,93.2,45.3,33.7,86.0,0
51,3,0,0,0.0,0,8.7,0,0,0,1,0,145.8,131.1,89.9,138.4,93.5,90.9,85.1,41.9,33.7,100.0,0
34,1,1,1,5.0,2,5.6,1,2,2,1,2,110.3,133.5,82.6,121.9,75.8,72.2,84.0,35.4,30.5,85.2,1
66,1,0,1,3.7,2,4.3,2,3,3,1,1,118.4,110.6,93.4,114.5,79.4,81.1,74.4,37.3,30.6,80.3,2
53,0,0,0,1.2,1,8.4,1,1,1,0,0,119.0,125.7,94.7,122.4,94.5,82.3,94.8,37.2,33.0,82.7,1
52,1,0,0,1.7,1,8.8,1,1,0,1,1,124.6,128.1,97.3,126.4,80.2,80.8,80.7,40.3,31.1,84.0,0
88,1,0,0,1.7,1,7.0,2,2,2,1,2,120.0,120.0,100.0,120.0,80.2,86.2,91.5,37.1,32.5,72.7,2
58,1,0,0,3.6,1,5.7,2,2,2,2,2,116.7,112.0,96.0,114.4,69.7,78.9,76.4,38.6,30.8,86.7,2
45,1,0,0,0.0,1,9.0,1,1,0,0,0,137.1,129.8,94.7,133.4,87.9,86.2,91.5,44.5,39.2,92.5,0
49,0,0,0,1.4,0,7.5,0,0,1,0,0,136.7,142.2,96.1,139.4,95.6,86.5,95.8,44.1,30.0,92.1,0
69,0,1,0,4.4,3,4.2,3,2,2,3,2,106.6,98.9,92.8,102.8,72.4,76.6,67.3,40.2,29.2,75.7,2
56,1,0,0,2.8,1,6.9,1,0,0,1,0,127.7,133.2,95.9,130.4,90.9,86.8,87.6,42.1,35.0,97.0,0
36,0,0,0,3.3,1,5.8,1,2,0,1,1,129.2,142.6,90.6,135.9,89.2,85.7,81.5,40.1,34.7,88.3,0
66,0,0,1,5.7,2,5.7,2,2,2,2,2,112.9,117.5,96.1,115.2,75.2,69.6,72.8,34.9,27.2,74.6,2
46,3,0,1,3.3,1,5.2,2,1,2,2,1,119.0,117.7,98.9,118.4,75.6,74.7,77.3,36.0,26.3,89.5,2
79,1,0,0,2.3,1,8.6,0,1,0,0,1,132.1,130.0,98.4,131.0,89.9,81.1,85.0,37.9,35.7,85.3,0
69,1,1,0,2.6,2,6.3,1,2,2,2,3,116.8,101.8,87.2,109.3,80.1,77.2,77.5,33.0,27.7,70.0,2
49,2,0,0,1.8,0,8.1,1,1,1,1,0,130.0,138.0,94.2,134.0,79.6,85.3,80.0,44.7,31.4,79.0,0
71,3,0,0,2.0,1,7.2,0,2,2,1,1,121.1,128.2,94.5,124.6,78.7,81.5,80.1,37.4,35.9,82.2,1
55,1,0,0,4.6,2,5.0,1,1,2,1,2,111.3,110.1,98.9,110.7,65.7,78.4,64.1,38.6,26.1,80.8,2
66,2,0,1,7.1,2,6.8,2,3,1,2,3,114.7,119.3,96.1,117.0,70.1,86.2,78.3,35.5,30.4,81.0,2
61,1,0,0,2.9,1,7.1,1,2,1,2,1,133.2,131.3,98.6,132.2,83.7,88.1,89.5,40.3,29.5,80.2,1
43,1,0,0,0.0,0,8.8,0,0,1,1,0,137.0,125.7,91.8,131.4,85.8,94.6,87.3,46.6,31.6,89.1,0
46,1,0,0,1.0,0,7.5,1,1,1,0,0,127.2,133.1,95.6,130.2,85.4,89.7,76.9,42.9,33.4,84.8,0
68,2,0,0,2.1,1,6.6,1,2,0,1,2,133.2,131.7,98.9,132.4,93.9,85.6,86.3,38.4,33.7,91.9,0
50,2,0,0,2.2,2,7.8,0,2,0,1,0,125.5,133.7,93.9,129.6,91.5,86.8,78.2,39.2,34.2,92.2,0
49,1,1,1,4.5,3,4.5,2,2,2,2,2,113.8,123.3,92.3,118.6,70.5,75.4,71.5,37.6,30.0,83.9,2
42,0,0,0,1.2,1,7.8,0,1,1,0,0,132.4,131.8,99.5,132.1,95.3,92.9,90.0,44.7,31.9,92.2,0
60,1,1,0,2.6,1,4.3,0,3,1,1,2,120.1,132.3,90.8,126.2,85.9,74.3,78.7,40.6,26.5,88.9,2
81,0,1,0,5.1,3,2.2,3,3,2,2,3,101.8,95.4,93.7,98.6,73.9,75.2,73.1,32.8,25.2,67.6,2
41,1,0,1,3.9,1,7.4,2,1,1,1,2,118.1,121.0,97.6,119.6,83.4,81.8,78.7,34.6,31.1,82.7,1
55,2,0,0,1.3,1,6.6,1,1,1,0,0,117.2,124.4,94.2,120.8,91.2,75.2,82.3,42.1,31.1,79.9,1
73,2,0,0,3.5,2,6.2,1,1,2,1,2,125.8,127.2,98.9,126.5,86.9,82.4,82.7,40.1,21.5,85.6,1
53,2,0,1,3.1,2,6.5,1,2,1,2,1,116.4,114.7,98.5,115.6,71.1,70.5,73.2,37.4,23.9,78.5,2
60,2,0,0,4.0,1,6.1,1,1,2,1,1,129.3,126.9,98.1,128.1,84.9,81.6,78.1,36.5,31.0,73.1,1
41,1,1,0,2.2,1,5.8,2,1,1,2,1,124.3,118.1,95.0,121.2,80.3,81.1,81.2,37.4,32.7,88.2,1
60,2,1,0,2.9,1,5.6,1,1,2,1,1,117.4,111.6,95.1,114.5,88.3,74.0,72.9,36.3,28.1,86.5,1
52,1,0,0,2.6,1,8.9,1,1,2,0,1,132.7,126.8,95.6,129.8,83.1,84.1,81.3,41.9,33.5,82.7,1
67,0,0,0,0.6,0,10.0,1,0,1,1,0,139.0,123.2,88.6,131.1,86.5,88.3,78.7,44.0,29.5,90.9,0
70,0,0,0,3.2,1,7.2,1,2,1,1,0,117.6,122.4,96.1,120.0,88.0,85.5,76.0,39.1,31.2,75.0,1
88,1,1,0,5.8,2,5.1,2,1,2,3,3,112.9,107.9,95.6,110.4,75.4,72.1,68.2,38.0,28.0,70.3,2
62,1,0,0,2.4,1,7.4,1,0,1,0,1,136.7,126.0,92.2,131.4,99.7,88.4,79.6,46.7,34.0,96.8,0
59,1,0,0,2.5,0,9.8,1,0,0,0,0,127.5,123.4,96.8,125.4,84.0,85.9,89.3,42.9,30.0,81.9,0
57,2,0,0,2.4,1,7.2,0,1,2,1,0,123.3,129.0,95.6,126.2,82.1,81.2,85.6,42.1,27.3,84.2,1
50,0,0,0,2.3,1,7.9,1,2,1,1,2,128.9,113.9,88.4,121.4,90.7,75.3,87.5,38.7,33.2,77.7,1
59,0,1,1,8.3,2,3.5,2,3,2,3,3,96.7,92.5,95.7,94.6,65.0,71.5,67.3,31.6,22.5,73.3,2
51,3,0,0,2.6,2,7.6,1,1,0,1,1,124.1,127.6,97.3,125.8,95.1,90.3,81.9,45.0,30.7,90.7,0
57,0,0,0,1.8,1,8.5,1,1,0,2,1,118.6,118.0,99.5,118.3,78.3,78.3,84.2,37.3,34.5,87.5,1
72,1,1,0,5.7,2,4.4,2,2,3,1,1,96.7,91.7,94.8,94.2,75.6,72.0,70.0,36.5,27.2,75.1,2
41,1,0,0,1.3,1,9.3,0,1,0,0,1,136.9,126.8,92.6,131.8,79.1,86.0,84.5,47.0,33.5,94.8,0
69,1,0,0,1.6,1,8.0,0,0,0,0,1,118.1,137.1,86.1,127.6,88.4,91.7,71.0,43.7,34.0,84.7,0
72,0,0,0,3.3,2,4.1,2,2,2,1,2,115.9,119.8,96.7,117.8,70.1,76.9,77.2,36.2,29.8,71.6,2
53,0,0,0,2.3,0,6.2,1,1,1,1,2,129.2,130.3,99.2,129.8,93.8,84.3,83.1,35.9,31.0,80.8,1
27,0,0,0,2.6,0,8.8,1,0,1,1,1,133.5,139.9,95.4,136.7,86.4,89.2,87.0,43.9,31.5,84.2,0
47,1,0,1,2.9,1,6.6,1,1,1,1,1,122.6,120.6,98.4,121.6,81.6,81.7,85.6,43.6,38.3,85.6,1
71,1,0,0,0.7,2,5.2,1,2,1,1,1,122.8,113.1,92.1,118.0,84.8,75.5,81.2,38.4,29.5,81.1,1
54,0,0,0,3.6,2,8.3,1,2,0,0,1,126.2,127.8,98.7,127.0,82.5,82.6,77.7,43.6,32.3,87.4,1
42,1,0,0,3.9,2,6.1,2,0,1,1,2,129.7,120.9,93.2,125.3,87.2,84.5,78.5,40.8,32.0,75.3,1
48,2,1,0,2.7,1,6.6,1,1,2,1,1,106.8,105.7,99.0,106.2,79.4,82.5,73.9,40.2,29.2,82.5,1
65,0,0,0,3.0,1,7.5,1,1,1,1,1,121.0,117.8,97.4,119.4,81.8,91.6,88.7,39.6,30.5,91.3,1
62,1,0,0,2.3,1,5.7,1,2,2,1,1,124.9,119.7,95.8,122.3,82.1,86.0,83.1,34.6,34.0,84.8,1
51,2,0,0,1.9,2,8.5,0,1,2,1,2,126.4,120.1,95.0,123.2,79.3,90.1,77.1,39.2,29.6,75.4,1
50,1,0,1,5.0,1,4.9,2,2,2,2,2,124.1,117.1,94.4,120.6,82.9,70.0,80.1,37.0,30.8,80.6,2
49,1,1,1,5.3,2,4.2,3,2,3,2,2,109.3,97.2,88.9,103.2,77.1,81.1,70.8,36.2,29.0,69.2,2
43,1,0,0,0.0,0,8.1,1,1,1,0,1,129.7,136.7,94.9,133.2,91.2,87.8,80.6,41.9,32.1,87.9,0
75,2,0,0,2.9,2,6.5,1,1,1,2,1,121.1,121.4,99.8,121.2,86.4,84.1,79.7,42.7,30.4,80.9,1
50,2,0,1,3.9,2,4.2,2,1,2,2,3,131.0,118.9,90.8,125.0,69.5,83.1,79.7,38.3,31.5,87.7,2
70,1,0,0,4.5,1,7.0,2,1,2,2,2,129.9,116.6,89.8,123.2,79.3,80.8,82.4,37.2,29.7,81.8,1
74,2,0,0,2.6,1,7.6,2,1,1,0,2,127.9,115.1,90.0,121.5,83.5,77.9,92.1,37.6,26.0,85.7,1
67,1,0,0,3.3,0,5.1,2,2,1,2,3,118.7,116.8,98.4,117.8,87.2,86.6,76.6,36.1,33.2,79.5,2
49,1,1,0,2.9,1,8.4,1,0,0,0,1,132.6,136.5,97.1,134.6,84.7,82.0,82.0,42.0,29.8,89.4,0
60,1,1,0,5.8,3,4.2,2,3,2,2,3,112.0,87.8,78.4,99.9,60.7,67.9,71.8,33.1,27.2,71.3,2
54,0,0,0,0.4,0,7.0,1,1,0,0,1,135.7,133.5,98.4,134.6,85.3,86.9,84.8,39.5,30.0,93.4,0
43,2,0,0,2.0,0,7.8,0,0,1,1,0,130.5,135.4,96.4,133.0,88.2,87.1,83.9,46.4,32.4,88.7,0
59,1,1,0,4.2,1,6.6,2,2,2,2,2,127.2,115.4,90.7,121.3,68.0,78.4,70.4,37.8,27.9,85.5,2
39,1,0,1,2.8,2,7.0,2,2,2,1,2,125.3,114.2,91.1,119.8,88.7,82.1,62.6,40.5,31.3,85.9,1
70,3,0,0,3.2,1,5.9,1,2,1,1,2,134.7,115.9,86.0,125.3,75.2,88.6,82.6,36.8,28.4,81.9,1
48,0,0,0,0.3,1,7.2,2,1,0,1,0,133.0,141.2,94.2,137.1,91.6,89.6,76.7,39.2,37.9,92.9,0
57,1,1,0,3.7,2,4.8,1,1,1,1,0,114.2,106.8,93.5,110.5,72.8,73.6,70.1,36.6,28.9,80.6,2
58,0,0,1,3.6,2,5.4,2,1,1,2,1,127.3,117.8,92.5,122.6,88.0,76.2,78.1,32.0,31.8,84.4,2
51,2,0,1,3.2,1,5.3,1,1,2,1,0,122.4,132.3,92.5,127.4,80.2,78.8,76.0,41.0,30.0,81.7,1
62,2,1,0,5.1,1,3.9,1,3,2,2,1,118.5,97.6,82.4,108.0,77.2,77.1,86.5,35.6,31.8,78.2,2
48,1,1,0,3.9,2,7.0,1,2,2,2,1,111.6,136.9,81.5,124.2,83.0,77.1,68.9,37.3,24.3,80.8,2
66,2,1,1,5.9,3,5.4,1,4,1,3,2,114.5,111.1,97.0,112.8,69.6,69.3,82.4,36.6,25.7,72.2,2
37,1,0,0,1.0,0,7.2,0,0,0,1,1,131.2,138.9,94.5,135.0,93.9,90.1,93.2,42.4,32.2,95.1,0
56,2,0,0,3.2,0,7.5,1,1,0,1,2,124.9,125.7,99.4,125.3,84.0,82.5,86.6,37.4,30.5,93.2,0
80,1,0,0,4.4,1,4.6,2,2,2,2,2,113.7,117.7,96.6,115.7,75.9,73.7,82.3,41.9,30.4,81.6,2
41,1,0,0,1.1,0,8.1,0,1,1,1,1,136.2,127.0,93.2,131.6,90.1,90.7,87.9,38.3,34.8,96.9,0
46,3,0,0,0.5,1,8.7,1,0,0,0,1,127.9,128.6,99.5,128.2,87.5,94.5,79.6,37.3,34.1,97.7,0
61,1,0,0,2.0,1,6.1,1,1,2,1,0,121.8,114.6,94.1,118.2,82.3,80.9,81.8,42.1,30.6,81.5,1
57,0,1,0,4.8,2,7.2,2,2,3,2,2,121.0,124.2,97.4,122.6,79.5,86.5,66.8,32.5,34.8,81.9,2
59,1,0,1,4.4,2,4.6,2,2,2,1,1,106.9,127.6,83.8,117.2,65.7,88.1,71.0,40.4,29.3,70.8,2
61,3,0,1,2.1,1,6.1,0,1,1,1,1,126.2,132.1,95.5,129.2,90.2,85.8,80.1,41.3,25.7,85.2,1
63,1,0,1,3.7,1,6.1,0,1,1,2,0,121.0,121.0,100.0,121.0,88.6,80.8,75.8,40.9,33.1,78.1,1
69,0,0,1,2.9,2,6.4,1,2,2,2,2,113.5,115.2,98.5,114.4,69.1,79.3,79.4,35.4,30.3,77.7,2
60,1,0,0,1.4,1,6.0,1,1,0,0,1,139.3,127.9,91.8,133.6,77.6,79.7,82.2,39.0,35.2,79.8,0
51,1,0,0,3.0,2,6.8,2,1,1,1,0,118.8,132.4,89.7,125.6,91.4,81.0,84.8,40.2,33.6,92.0,0
63,0,0,0,2.7,0,8.6,1,2,0,0,2,130.8,129.9,99.3,130.4,89.3,75.5,81.2,37.8,29.2,83.0,1
79,2,0,1,4.9,2,4.8,2,2,1,1,2,108.5,110.5,98.2,109.5,78.3,72.2,72.4,39.3,29.9,79.8,2
53,3,0,0,1.5,0,8.4,0,0,1,0,1,129.6,141.6,91.5,135.6,82.8,81.6,80.9,40.4,33.4,88.9,0
42,1,0,1,3.3,1,8.5,1,1,1,1,2,115.1,118.8,96.9,117.0,91.5,84.5,72.5,40.5,33.0,72.8,1
69,1,1,0,3.1,2,5.1,2,2,2,2,2,117.6,122.9,95.7,120.2,72.6,72.6,72.1,39.2,32.0,73.9,2
53,1,0,1,3.3,1,5.1,1,1,1,2,2,117.5,118.0,99.6,117.8,81.5,81.0,71.6,35.4,29.3,77.4,2
26,0,0,0,2.8,1,8.0,0,1,1,1,1,131.1,118.1,90.1,124.6,91.5,91.7,92.5,43.9,35.4,89.4,0
66,2,1,0,3.8,2,3.9,2,3,1,2,2,114.8,98.6,85.9,106.7,85.1,82.8,66.6,33.8,31.0,84.6,2
48,1,0,1,2.4,1,8.1,0,0,1,2,1,123.3,122.3,99.2,122.8,84.8,81.1,91.7,39.4,31.4,92.1,1
53,1,1,0,4.3,2,5.2,3,2,3,2,1,99.7,102.9,96.9,101.3,77.6,77.1,73.5,34.4,32.7,74.3,2
59,2,1,1,4.9,2,5.6,2,2,2,1,2,108.0,120.8,89.4,114.4,74.6,76.8,71.9,33.4,30.2,68.7,2
57,1,0,0,0.7,0,9.4,1,1,0,0,0,137.9,129.5,93.9,133.7,83.9,94.0,82.5,43.0,31.6,85.4,0
64,1,1,0,4.9,1,4.6,2,2,1,3,1,105.2,97.4,92.6,101.3,65.6,80.9,76.9,32.9,29.1,79.5,2
49,0,0,0,1.8,2,7.0,0,1,1,0,1,124.2,133.6,93.0,128.9,88.8,93.1,83.1,44.8,34.8,87.4,0
61,2,0,0,3.4,1,6.8,1,2,0,1,0,122.1,112.8,92.4,117.4,77.3,74.7,81.7,36.7,35.9,76.1,1
51,3,0,0,2.0,1,5.6,1,2,0,1,1,117.9,124.1,95.0,121.0,84.5,78.4,82.9,35.4,32.0,79.9,1
64,1,0,0,1.7,1,7.7,1,1,1,1,2,128.2,128.7,99.6,128.4,87.7,90.4,86.0,40.4,32.8,93.0,0
62,3,1,0,3.6,2,6.8,2,1,2,1,2,111.2,111.0,99.8,111.1,80.3,82.0,82.1,36.6,32.5,80.9,2
42,0,0,0,1.1,0,8.7,1,0,0,0,1,134.2,142.1,94.4,138.1,87.3,89.4,90.5,44.9,33.6,92.0,0
69,1,0,0,2.4,2,6.5,2,2,1,2,1,121.4,126.7,95.8,124.0,87.5,79.0,73.6,39.3,27.9,80.0,1
48,1,0,0,2.1,1,8.2,1,0,0,0,1,136.9,134.7,98.4,135.8,92.5,91.9,75.1,37.8,35.0,87.1,0
65,1,0,1,4.8,1,6.7,1,2,1,1,1,126.7,123.7,97.6,125.2,74.7,70.0,77.8,41.1,28.8,83.1,2
59,1,0,0,0.6,0,7.3,1,1,1,0,0,129.5,126.0,97.3,127.8,99.2,90.8,85.5,41.3,39.5,88.9,0
78,1,0,0,3.3,1,3.5,2,2,2,3,1,129.4,116.1,89.7,122.8,78.8,79.7,85.7,38.6,30.1,83.5,2
52,0,1,0,4.3,2,5.1,3,3,2,2,2,110.8,128.8,86.0,119.8,68.9,73.2,71.5,42.4,29.6,78.3,2
50,1,0,0,4.6,1,8.5,0,1,0,1,1,133.4,119.7,89.7,126.6,83.2,87.8,84.5,45.1,30.5,86.5,0
54,0,1,0,3.1,1,6.4,1,2,1,1,1,131.2,126.1,96.1,128.6,73.4,78.2,80.9,39.0,33.0,82.6,2
51,2,0,1,6.0,2,4.5,3,2,1,2,1,115.7,118.2,97.9,117.0,84.5,77.5,76.6,32.7,28.5,74.6,2
65,0,0,1,2.5,1,4.5,1,2,2,2,2,109.7,125.9,87.1,117.8,85.1,78.9,80.2,33.7,29.1,79.3,2
33,0,0,0,0.0,1,10.0,0,0,0,0,0,140.5,135.8,96.7,138.2,98.7,95.7,85.9,48.5,34.7,100.0,0
41,1,0,0,1.2,0,7.7,1,1,1,1,1,125.2,125.7,99.6,125.4,90.1,86.3,78.0,40.2,28.9,86.8,0
41,1,0,1,1.3,1,7.2,1,1,1,0,1,125.9,116.7,92.7,121.3,92.6,75.2,80.6,40.4,31.2,84.7,0
67,2,1,0,4.6,2,6.4,2,3,1,3,2,123.7,126.3,97.9,125.0,74.3,68.6,61.2,32.3,29.2,76.6,2
77,1,0,0,2.2,1,5.7,1,1,1,1,1,115.9,119.3,97.2,117.6,85.5,76.8,79.1,40.9,26.9,77.2,1
53,1,1,0,3.5,2,7.0,2,2,2,2,2,117.0,143.4,81.6,130.2,73.8,79.9,70.9,40.3,31.3,78.9,2
52,2,0,0,4.0,1,6.7,0,1,1,1,2,118.5,124.7,95.0,121.6,83.0,85.3,81.2,44.2,30.2,91.8,1
55,1,0,1,3.9,2,5.0,1,2,1,1,2,122.5,118.8,97.0,120.6,86.4,91.2,78.7,38.5,31.6,79.7,1
70,0,0,0,3.7,2,6.6,1,1,1,1,1,128.5,119.3,92.8,123.9,68.6,77.6,74.8,41.7,25.4,84.9,1
42,1,1,0,3.8,2,7.2,2,1,2,0,1,123.0,115.2,93.7,119.1,78.8,87.5,84.5,38.5,30.7,81.5,1
58,3,0,0,3.0,1,6.3,1,1,1,1,1,122.0,133.6,91.3,127.8,84.4,72.7,79.8,42.2,28.2,82.9,1
67,1,1,1,4.9,2,2.7,3,1,2,2,3,105.0,88.5,84.3,96.8,73.1,74.0,74.5,34.8,26.2,73.3,2
61,1,1,1,4.2,2,4.2,3,2,2,2,3,112.1,91.1,81.3,101.6,72.1,75.9,71.9,32.8,23.5,78.1,2
57,0,0,0,3.3,1,5.7,1,2,2,1,0,133.1,118.9,89.3,126.0,86.1,83.2,81.4,43.3,28.4,77.3,1
68,0,0,0,1.5,2,7.3,1,2,1,1,2,119.2,122.3,97.5,120.8,80.8,81.5,73.4,40.3,30.7,87.4,1
20,1,0,0,0.0,0,9.5,2,1,1,0,1,147.1,142.5,96.9,144.8,85.9,90.1,93.6,42.5,33.2,91.5,0
63,1,0,1,4.0,1,5.6,1,2,1,0,0,131.0,132.3,99.0,131.6,89.7,76.4,84.1,40.2,33.1,74.6,1
46,0,1,1,8.8,3,1.9,3,3,2,3,3,108.1,83.0,76.8,95.6,72.5,73.0,64.4,29.7,20.1,69.6,2
31,3,0,0,0.4,0,10.0,0,0,0,0,0,141.9,143.5,98.9,142.7,92.0,93.2,91.4,46.2,34.9,94.6,0
61,2,0,1,4.4,1,5.3,1,2,1,2,2,127.7,132.4,96.5,130.0,81.3,82.6,82.7,38.1,29.8,77.0,1
72,1,0,0,2.7,1,5.5,1,2,1,2,1,117.0,126.6,92.4,121.8,87.5,80.7,77.3,37.1,29.5,83.7,1
53,2,0,0,1.9,1,5.1,1,1,1,1,1,117.2,135.1,86.8,126.2,82.2,79.4,70.1,46.0,27.9,75.1,1
67,0,0,0,2.7,1,7.8,1,2,1,1,1,132.8,128.3,96.6,130.6,89.5,87.7,80.7,38.1,34.7,82.8,0
75,1,0,0,5.2,1,5.2,2,2,2,2,2,115.1,123.4,93.3,119.2,79.0,84.5,73.8,37.3,33.3,76.8,2
72,1,0,0,3.6,1,5.3,1,2,1,1,2,118.7,126.4,93.9,122.6,79.3,73.1,76.8,38.5,25.5,72.2,2
76,2,0,0,2.9,1,6.4,1,0,1,0,1,106.8,129.8,82.3,118.3,85.0,74.2,85.0,36.0,28.1,76.4,1
64,2,1,0,4.2,2,7.8,1,2,1,2,1,118.6,141.5,83.8,130.0,77.2,82.4,73.2,37.8,27.7,76.7,1
55,1,0,0,1.6,1,5.9,2,1,1,1,1,117.7,130.3,90.3,124.0,86.4,81.5,76.1,36.0,30.4,84.4,1
34,3,0,0,0.0,1,7.5,1,0,0,1,0,142.5,138.9,97.5,140.7,94.3,92.4,84.4,51.1,38.0,95.9,0
51,0,0,0,2.3,2,6.7,2,1,2,1,2,119.8,111.8,93.3,115.8,80.0,80.8,80.0,37.9,31.5,77.0,1
44,2,0,0,0.7,0,8.7,1,0,1,0,0,132.5,137.5,96.4,135.0,86.2,92.9,80.0,43.2,33.7,86.8,0
83,3,0,0,1.6,1,6.1,1,1,0,2,0,140.0,121.2,86.6,130.6,84.7,81.4,83.7,45.7,31.0,84.3,1
52,0,1,0,3.0,1,6.5,1,1,1,2,0,125.0,113.3,90.6,119.2,80.5,73.6,71.8,35.6,28.8,80.7,2
56,2,0,1,1.9,1,7.7,1,0,2,0,0,131.3,130.7,99.5,131.0,80.4,79.3,76.6,44.0,33.0,80.6,1
62,0,0,1,4.6,2,2.5,2,2,2,2,2,125.3,121.8,97.2,123.6,67.8,75.0,81.1,37.7,30.1,84.9,2
55,1,0,1,2.5,2,4.8,2,2,2,1,2,121.5,123.8,98.1,122.6,70.7,72.2,81.3,31.4,30.5,79.7,2
77,1,0,0,4.2,2,7.7,2,2,1,1,2,111.6,118.1,94.5,114.8,77.3,78.0,75.5,36.1,23.5,77.6,2
46,1,0,0,1.7,0,9.6,0,1,0,0,0,132.1,133.9,98.7,133.0,94.8,90.8,81.8,45.5,34.4,90.4,0
57,3,0,0,2.6,0,7.7,2,1,0,1,1,131.5,131.1,99.7,131.3,94.4,81.9,91.0,40.4,30.9,89.7,1
45,2,0,0,4.9,2,7.3,1,1,1,2,1,108.3,134.3,80.6,121.3,81.4,81.8,76.7,38.8,32.6,84.1,1
37,1,0,0,2.4,0,8.5,1,0,1,1,1,133.5,141.2,94.5,137.4,82.7,80.4,87.4,41.2,34.1,81.3,0
47,2,0,0,3.7,1,7.3,1,1,2,2,2,109.8,124.8,88.0,117.3,82.1,77.2,83.6,37.2,32.0,79.3,1
54,3,0,1,2.8,1,7.5,1,2,1,1,1,124.7,124.8,99.9,124.8,90.3,77.0,70.1,38.9,29.7,81.4,1
49,0,1,0,2.9,1,7.1,1,2,1,1,3,128.3,141.4,90.7,134.9,79.9,86.6,76.1,45.4,33.1,82.9,1
45,3,0,1,3.1,2,6.9,2,0,1,2,2,128.3,131.9,97.3,130.1,91.4,95.7,81.1,37.9,34.7,88.4,1
36,0,0,1,3.5,2,5.8,2,2,2,1,1,123.1,126.4,97.4,124.8,80.3,74.5,76.3,36.2,25.2,73.9,2
53,2,0,0,0.0,0,7.8,0,0,1,0,0,145.1,131.5,90.6,138.3,93.6,86.9,79.2,42.9,30.1,89.2,0
35,1,0,1,2.8,0,7.2,1,1,1,0,1,126.0,127.2,99.1,126.6,95.2,80.9,83.3,36.3,33.6,93.9,1
64,0,0,0,2.2,2,5.0,1,1,1,2,2,137.3,126.4,92.1,131.9,72.3,81.8,77.8,39.9,29.6,81.4,1
56,1,0,1,2.7,1,5.0,1,2,2,2,2,120.0,130.4,92.0,125.2,84.8,76.6,84.8,34.2,32.2,76.6,2
36,1,0,0,1.8,1,7.4,0,1,1,2,0,135.3,144.2,93.8,139.8,87.4,87.4,88.4,38.3,33.0,80.5,0
50,1,0,1,3.5,1,5.0,1,2,2,1,2,115.6,125.4,92.2,120.5,75.9,83.3,75.5,34.8,31.5,78.0,2
45,0,0,0,1.0,1,6.6,1,1,1,1,0,135.6,128.4,94.7,132.0,84.8,77.7,80.1,35.5,29.5,79.4,1
59,1,0,1,3.6,1,5.9,1,1,1,2,2,126.1,128.1,98.4,127.1,89.6,81.7,82.3,42.2,30.7,78.9,2
72,3,0,0,3.5,1,7.4,1,2,1,1,1,134.4,136.9,98.2,135.6,91.7,74.6,82.2,41.8,32.2,87.2,1
30,1,0,0,0.0,0,10.0,0,0,1,0,1,138.2,134.7,97.5,136.4,83.5,89.5,81.8,47.1,32.7,92.8,0
56,0,0,1,6.2,3,4.1,2,2,2,2,1,103.7,106.0,97.8,104.8,71.3,73.7,82.2,38.1,30.2,72.8,2
52,1,0,1,1.4,2,7.8,1,1,1,1,2,125.4,121.4,96.8,123.4,87.7,80.7,74.0,38.8,25.8,73.7,1
63,0,0,0,5.8,2,6.7,2,2,1,2,1,108.2,131.5,82.3,119.8,80.0,77.9,88.7,37.8,30.0,84.0,2
57,2,0,0,1.4,1,8.2,1,1,0,0,0,127.6,132.5,96.3,130.0,87.7,83.5,85.5,44.6,29.1,85.4,0
45,2,1,0,3.4,1,6.4,3,2,1,2,0,122.1,142.4,85.7,132.2,74.0,79.6,74.7,43.7,27.6,82.0,1
50,1,0,1,1.1,1,6.8,1,1,2,2,1,136.8,116.9,85.5,126.8,79.2,83.0,67.0,35.5,33.0,78.0,1
44,1,0,1,2.3,1,8.3,1,1,0,1,0,128.3,136.4,94.1,132.4,78.8,85.4,85.2,48.1,28.8,83.0,1
68,2,0,1,2.8,1,8.2,1,1,2,1,0,126.0,124.2,98.6,125.1,76.5,83.9,72.8,36.2,28.4,81.4,1
55,1,1,0,3.0,2,7.7,1,1,1,2,1,121.6,103.2,84.9,112.4,76.3,78.7,80.3,37.7,31.9,75.6,1
79,2,0,0,2.1,1,6.8,1,0,2,1,1,116.3,119.0,97.7,117.6,79.5,88.3,89.7,40.1,28.2,79.2,1
54,1,0,0,1.4,2,7.7,1,1,2,1,1,127.1,131.4,96.7,129.2,81.9,91.8,75.8,41.1,34.1,85.2,1
45,2,0,1,4.8,2,7.2,2,1,2,2,1,119.6,110.8,92.6,115.2,76.3,73.3,80.3,44.0,31.3,81.7,2
35,1,0,0,1.0,0,7.9,0,0,0,0,2,128.6,132.0,97.4,130.3,96.2,89.6,82.4,46.2,31.6,86.9,0
31,1,0,1,3.4,1,7.3,1,1,1,0,1,122.0,134.6,90.6,128.3,82.9,83.3,88.7,42.7,34.7,80.9,0
34,3,0,0,0.0,0,9.5,1,0,0,1,0,137.1,150.0,91.4,143.6,100.0,96.6,90.3,48.1,30.2,92.2,0
58,1,1,0,4.0,2,6.0,2,3,1,1,2,114.9,133.7,85.9,124.3,75.0,77.1,73.7,37.7,29.7,81.2,2
61,1,1,0,6.0,3,5.2,3,2,2,3,2,107.0,95.6,89.3,101.3,76.3,74.7,76.8,33.1,24.2,69.5,2
34,0,0,0,0.9,1,6.7,0,1,1,1,1,119.0,125.1,95.1,122.0,87.2,85.9,83.8,41.6,30.0,84.4,1
66,1,0,0,2.0,1,4.8,1,2,1,2,1,123.0,117.6,95.6,120.3,77.6,79.6,74.1,39.1,29.1,78.5,1
48,1,1,0,5.2,2,5.7,1,1,2,1,2,119.6,102.3,85.5,111.0,77.0,86.6,83.9,34.7,32.2,84.2,2
56,0,0,0,2.7,2,4.7,2,2,1,2,2,118.4,115.9,97.9,117.2,77.1,81.6,68.1,41.5,28.1,76.9,2
75,0,0,1,3.3,2,2.9,1,3,3,2,1,107.2,97.0,90.5,102.1,76.5,79.5,72.6,35.2,27.3,78.0,2
66,1,0,0,5.0,1,5.1,1,1,1,2,0,125.2,128.1,97.7,126.6,81.6,80.2,74.2,35.6,29.2,87.0,1
51,2,0,0,0.1,0,8.4,1,1,1,1,1,130.4,129.0,98.9,129.7,85.4,86.5,77.2,39.3,30.4,96.2,0
43,1,0,0,0.8,0,10.0,1,0,0,0,0,129.2,146.1,88.4,137.6,93.1,93.9,82.0,45.4,31.5,84.9,0
27,0,0,0,0.8,0,8.8,0,0,0,0,0,141.9,130.2,91.8,136.0,93.7,93.1,87.0,46.7,34.7,84.2,0
45,2,0,1,0.0,1,6.9,1,1,1,1,1,125.6,119.3,95.0,122.4,92.8,76.1,81.2,41.0,30.7,89.0,1
52,0,0,0,2.2,1,8.3,0,1,1,1,1,125.2,119.4,95.4,122.3,85.6,84.5,86.4,41.9,33.3,89.8,1
42,1,0,1,5.0,2,3.4,3,3,2,2,2,104.5,106.3,98.3,105.4,77.0,79.2,80.8,34.0,27.8,73.8,2
53,0,0,0,2.8,1,7.5,1,1,1,1,1,121.1,135.7,89.2,128.4,87.2,83.0,82.2,40.6,30.8,68.4,1
55,0,1,0,6.0,2,4.4,2,3,2,2,2,122.5,102.0,83.3,112.2,69.8,76.6,68.9,34.3,29.4,75.0,2
52,0,0,0,1.7,1,8.0,2,1,1,0,0,119.1,133.4,89.3,126.2,78.2,84.7,87.6,40.5,31.0,78.6,0
46,1,0,0,2.3,1,7.5,1,1,0,1,1,129.5,134.6,96.2,132.0,87.2,75.5,81.2,41.7,29.1,84.0,0
57,0,1,0,2.6,2,5.4,2,2,1,1,2,120.8,137.1,88.1,129.0,87.1,74.3,69.8,36.8,32.2,82.4,1
60,1,1,1,3.6,1,4.6,2,2,2,2,2,113.0,104.9,92.8,109.0,81.2,80.1,76.3,37.8,25.9,76.7,2
40,1,0,0,0.6,1,9.2,0,1,1,1,1,119.9,121.4,98.8,120.6,77.9,84.3,89.5,38.3,32.3,94.6,0
73,1,0,0,1.5,2,7.4,1,2,1,1,1,123.6,128.9,95.9,126.2,86.3,82.8,74.8,35.4,29.0,80.7,1
53,1,0,0,3.8,1,6.2,1,2,1,1,2,113.5,144.6,78.5,129.0,72.8,82.5,89.4,37.3,28.4,78.4,1
55,2,1,0,2.2,1,4.4,2,2,1,2,2,119.0,116.4,97.8,117.7,82.4,75.3,79.2,40.6,24.8,84.5,2
64,0,1,0,4.6,2,3.5,3,2,1,3,2,110.8,109.2,98.6,110.0,79.6,75.0,76.1,37.8,29.4,79.4,2
58,1,1,0,5.4,2,5.1,2,2,2,2,3,102.0,122.1,83.5,112.0,63.7,74.5,66.5,28.9,18.2,70.7,2
67,0,0,0,2.9,1,5.6,2,3,1,2,2,127.8,115.3,90.2,121.6,88.1,84.1,84.1,41.1,33.9,82.9,1
58,0,0,0,4.9,1,5.6,1,2,2,1,2,118.1,128.0,92.3,123.0,89.6,91.0,69.4,38.2,32.4,78.7,2
47,1,0,0,1.1,1,9.3,1,0,1,1,1,134.0,132.5,98.9,133.2,88.5,84.4,82.6,40.8,30.5,91.6,0
59,1,0,1,5.0,2,3.5,2,1,1,2,2,117.9,114.1,96.8,116.0,78.3,85.7,70.3,36.0,32.6,86.0,2
40,2,0,0,2.0,1,9.1,0,0,1,1,2,136.5,128.3,94.0,132.4,94.7,81.2,76.4,37.4,37.3,83.1,0
56,1,0,0,2.2,1,6.8,1,1,1,1,1,118.8,122.2,97.2,120.5,79.8,86.4,85.5,41.0,30.8,87.0,1
54,3,0,1,3.5,0,7.2,0,1,1,1,1,138.8,126.2,90.9,132.5,84.9,89.0,87.4,39.0,34.3,82.0,0
52,0,0,0,1.0,1,6.9,1,1,1,1,1,126.2,116.7,92.5,121.4,81.2,83.3,85.2,39.4,31.8,79.6,1
53,0,0,0,4.6,2,5.4,1,1,2,1,2,118.3,119.9,98.7,119.1,81.7,80.7,76.2,37.6,33.8,84.1,1
30,0,0,0,2.5,1,8.1,1,0,1,2,0,122.7,122.4,99.8,122.6,88.0,82.8,88.3,43.9,28.9,86.8,0
47,0,0,0,2.0,0,6.4,1,1,0,1,0,129.2,123.5,95.6,126.4,82.2,88.1,81.2,40.4,30.8,79.0,1
56,1,0,0,2.6,0,6.7,1,1,0,1,0,129.1,138.6,93.1,133.8,89.8,84.6,84.2,45.3,35.9,90.5,0
57,1,0,1,1.3,1,6.1,2,1,2,2,2,124.8,129.0,96.7,126.9,79.6,82.9,75.1,35.4,32.4,86.4,1
41,0,0,1,3.1,2,4.5,2,2,1,2,2,130.6,130.4,99.8,130.5,78.0,83.6,66.7,37.8,29.5,73.0,2
71,3,1,1,4.5,3,4.0,3,2,1,2,2,112.7,88.5,78.5,100.6,68.2,79.6,74.7,35.7,30.0,81.0,2
43,2,0,1,4.1,1,4.6,1,2,1,2,2,127.0,127.0,100.0,127.0,76.4,84.4,81.6,41.7,30.1,82.9,2
67,1,0,0,1.5,1,6.4,0,2,1,0,1,120.5,123.0,98.0,121.8,74.5,86.0,95.0,36.6,31.4,87.0,1
60,0,0,0,3.5,1,6.6,1,1,1,2,1,126.9,123.0,96.9,125.0,81.7,78.5,77.1,36.7,32.3,82.4,1
46,0,0,1,3.4,2,5.7,1,1,2,1,2,112.6,122.5,91.9,117.6,71.0,76.1,73.6,39.8,29.6,89.3,2
78,0,1,1,5.4,2,3.8,4,2,3,2,2,104.3,125.1,83.4,114.7,75.0,66.3,59.7,38.6,26.4,76.3,2
39,0,0,0,0.5,0,10.0,1,1,1,0,1,150.0,137.5,91.7,143.8,91.9,85.5,94.5,45.7,32.9,91.8,0
66,1,1,1,5.9,2,2.2,4,3,2,3,3,100.7,81.6,81.0,91.2,69.8,71.3,71.0,30.0,33.3,74.5,2
68,0,0,0,2.1,2,6.2,1,2,1,1,2,128.0,115.1,89.9,121.6,80.2,77.5,85.9,35.6,29.1,78.1,1
46,1,1,0,5.8,1,3.1,2,2,1,2,1,128.5,119.3,92.8,123.9,81.6,87.8,74.2,39.7,32.3,81.1,1
73,3,0,0,0.7,0,8.6,0,0,0,1,2,139.9,147.1,95.1,143.5,96.8,85.3,89.4,43.9,38.1,97.0,0
51,2,1,0,1.7,2,5.3,2,2,1,2,2,109.9,133.9,82.1,121.9,72.7,79.4,73.1,37.0,25.9,81.2,2
58,3,0,0,0.7,0,7.0,0,1,0,0,1,134.5,136.0,98.9,135.2,80.9,85.6,91.2,38.9,34.3,91.6,0
58,0,0,0,1.8,1,6.7,0,1,2,2,1,121.3,112.9,93.1,117.1,83.3,74.6,81.4,42.5,30.5,88.2,1
53,1,0,0,4.4,2,7.1,1,3,0,1,1,126.1,126.5,99.7,126.3,78.4,85.6,69.2,37.3,34.3,83.4,2
65,1,1,0,3.0,1,6.3,0,1,2,2,1,114.3,123.6,92.5,119.0,85.9,86.3,79.3,41.4,28.7,79.6,1
65,0,0,0,2.8,0,6.1,2,0,2,1,1,128.1,131.6,97.3,129.8,88.9,87.9,71.3,35.1,29.5,93.1,1
32,0,0,1,2.4,1,6.9,2,1,1,2,1,125.4,127.9,98.0,126.6,78.5,85.7,74.0,43.4,30.8,86.2,1
71,2,1,0,5.1,2,2.8,2,3,2,2,2,96.7,99.4,97.3,98.1,76.4,70.0,64.5,32.7,25.8,76.4,2
33,1,0,0,0.0,1,8.8,1,0,0,0,0,134.7,137.1,98.2,135.9,89.9,88.3,86.8,49.0,33.9,94.3,0
68,1,0,0,4.2,1,6.5,2,2,1,2,1,104.4,112.4,92.9,108.4,78.4,79.9,73.0,38.8,33.8,83.4,2
69,1,0,0,3.8,3,6.6,0,2,1,2,1,118.7,123.9,95.8,121.3,77.1,89.9,80.0,35.2,31.0,92.5,1
40,1,0,1,3.2,2,4.7,1,1,1,2,1,126.6,129.5,97.8,128.0,84.1,84.2,80.0,40.3,28.8,81.2,1
49,0,1,0,4.3,1,3.9,1,2,1,2,2,119.1,130.8,91.1,125.0,79.7,84.1,75.9,42.8,28.4,84.9,2
40,1,0,1,3.1,1,7.0,1,1,2,1,2,125.8,116.9,92.9,121.4,79.0,80.5,82.0,38.2,32.1,84.2,1
52,0,0,0,4.1,2,7.2,1,1,2,1,3,115.4,122.4,94.3,118.9,75.5,86.8,72.0,44.0,31.2,72.0,1
50,0,1,0,3.5,2,4.7,1,1,1,1,2,128.3,129.0,99.5,128.6,86.0,79.2,78.6,40.1,28.9,74.9,1
65,3,0,0,2.6,1,7.7,1,0,1,1,0,126.7,121.8,96.1,124.2,83.6,85.5,88.8,44.7,27.6,87.5,1
72,1,0,0,3.9,2,8.2,1,1,0,1,1,124.8,131.9,94.6,128.4,89.4,81.2,79.3,40.4,30.9,88.9,1
73,2,0,0,1.4,1,9.3,1,1,1,1,1,133.4,132.5,99.3,133.0,83.9,89.3,84.7,40.6,31.7,89.1,0
47,1,0,0,2.9,1,6.0,1,1,2,1,2,112.0,113.1,99.0,112.6,86.3,83.7,78.0,43.3,27.8,83.4,2
52,1,0,0,1.2,1,7.6,1,1,1,1,2,127.6,127.6,100.0,127.6,80.7,76.6,85.5,42.7,34.7,97.9,1
33,0,1,0,3.9,2,3.7,3,1,1,2,2,121.1,106.5,87.9,113.8,87.5,86.1,77.8,37.3,31.0,82.6,2
44,0,0,1,2.5,2,7.3,2,2,2,2,2,111.8,116.1,96.3,114.0,78.6,89.4,78.3,38.1,29.0,76.3,2
67,0,0,0,2.4,1,7.0,0,2,1,1,2,132.5,131.9,99.5,132.2,89.1,83.6,85.3,39.6,31.2,85.9,0
76,2,0,0,4.0,2,4.4,2,1,2,1,2,118.8,118.3,99.6,118.6,73.4,77.4,78.0,37.5,33.2,86.4,2
38,2,0,0,1.1,0,9.2,0,1,0,0,0,139.4,140.6,99.1,140.0,98.6,98.2,92.2,48.6,32.1,87.7,0
47,1,1,0,2.3,1,8.0,1,1,0,2,2,122.0,128.8,94.7,125.4,87.0,82.3,74.0,38.9,29.4,88.9,1
54,1,1,0,3.3,2,8.2,3,1,1,1,1,122.8,112.6,91.7,117.7,79.3,80.1,71.2,35.7,28.7,80.8,2
58,3,0,1,4.7,2,6.1,1,1,2,2,0,124.1,121.8,98.1,123.0,70.1,89.5,75.1,35.3,30.5,76.3,2
44,0,0,1,5.0,1,6.9,1,2,1,1,2,119.5,120.0,99.6,119.8,75.0,73.1,84.4,38.4,31.3,73.1,2
60,1,0,0,1.6,2,7.2,1,2,1,1,2,133.4,121.5,91.1,127.4,80.3,80.3,80.7,38.2,28.3,92.7,1
48,1,0,0,2.1,1,6.6,2,1,1,0,1,133.1,127.7,95.9,130.4,89.7,87.8,84.6,37.1,30.5,82.6,0
54,2,0,0,1.4,1,9.9,0,0,0,1,0,122.9,138.2,88.9,130.6,88.3,80.2,76.1,39.3,34.5,90.2,0
62,3,0,0,1.1,1,8.1,0,1,0,1,0,127.3,137.7,92.4,132.5,89.8,87.6,88.2,47.1,32.2,86.3,0
55,0,0,0,2.8,2,8.0,2,2,1,1,1,129.3,123.8,95.7,126.6,79.9,79.8,79.1,38.8,29.5,92.2,1
49,2,0,0,3.4,1,8.7,1,0,0,0,1,126.1,119.9,95.1,123.0,93.8,89.6,68.7,41.1,32.3,86.4,0
53,2,0,0,1.1,1,7.1,1,1,2,1,2,123.6,110.7,89.6,117.2,83.2,85.4,80.4,36.4,28.1,75.9,1
53,0,0,0,1.4,1,9.5,0,2,1,2,0,136.3,135.0,99.0,135.6,88.7,77.4,75.0,39.8,33.0,84.9,0
50,1,0,0,2.9,1,9.2,1,1,2,1,1,125.5,128.3,97.8,126.9,81.9,80.1,77.2,38.4,32.8,91.5,1
51,1,0,0,2.3,0,7.5,1,0,0,0,1,129.8,131.8,98.5,130.8,87.6,82.5,88.3,40.8,32.4,82.3,0
75,3,0,0,4.7,1,5.3,1,2,1,1,2,115.3,112.0,97.1,113.6,76.7,79.6,78.4,33.7,33.6,79.4,1
62,0,1,0,6.5,1,2.3,3,2,2,2,3,111.5,112.1,99.5,111.8,75.5,68.6,68.2,38.2,29.0,79.8,2
51,2,0,1,3.0,2,8.5,1,1,2,1,2,124.5,129.1,96.4,126.8,76.1,83.2,75.2,38.7,30.1,83.3,1
64,1,0,0,3.6,1,6.7,0,0,0,1,1,123.0,128.4,95.8,125.7,89.4,80.6,79.3,41.2,30.7,79.0,1
50,2,0,1,3.1,1,6.8,1,2,1,1,2,112.4,113.7,98.9,113.0,76.1,82.1,76.8,40.5,33.8,80.7,2
70,1,1,0,6.0,2,3.7,3,2,2,2,3,126.4,127.5,99.1,127.0,79.5,74.9,65.3,37.9,25.9,74.0,2
59,1,1,0,5.4,1,7.5,2,1,1,2,1,118.8,106.7,89.8,112.8,90.3,75.1,82.5,36.5,29.1,80.7,2
53,2,0,0,2.0,1,8.0,0,0,1,0,0,131.4,128.1,97.5,129.8,91.9,96.3,81.4,45.3,32.8,95.8,0
60,2,0,0,2.0,1,6.4,1,1,1,0,1,133.3,124.7,93.5,129.0,94.0,92.7,74.4,43.2,33.2,88.1,0
34,2,1,1,4.9,2,4.1,3,2,2,2,3,109.4,124.8,87.7,117.1,77.8,75.8,75.7,36.0,32.9,73.7,2
40,0,0,0,1.2,1,6.3,1,1,1,1,1,117.8,125.7,93.7,121.8,77.0,81.7,77.8,43.0,31.6,83.0,1
39,2,0,0,0.6,0,9.8,0,0,1,0,0,141.0,138.3,98.1,139.6,94.3,85.6,89.2,46.8,33.7,98.2,0
56,0,0,0,0.6,1,7.8,0,0,1,1,0,125.2,122.4,97.8,123.8,90.8,91.7,87.1,44.0,33.0,84.1,0
77,1,0,1,4.8,3,4.6,3,3,3,2,2,117.2,103.3,88.1,110.2,75.7,77.3,65.9,38.5,23.5,62.0,2
84,1,0,0,1.4,2,6.6,1,1,2,1,0,127.7,119.5,93.6,123.6,85.4,79.1,81.0,40.1,30.7,82.9,1
63,1,0,1,3.9,2,4.5,1,2,1,1,1,113.1,112.4,99.4,112.8,78.4,73.9,77.1,36.9,32.8,79.3,2
61,1,0,1,3.4,1,5.5,2,2,2,2,1,120.8,115.4,95.5,118.1,81.3,82.8,85.6,41.0,31.6,78.9,1
31,3,1,0,3.7,1,8.1,1,2,1,1,1,125.6,135.5,92.7,130.6,81.9,74.6,74.8,38.0,33.0,78.4,1
47,0,0,1,2.4,1,6.7,1,2,1,1,1,123.8,118.7,95.9,121.2,76.9,78.8,76.6,40.8,33.1,80.8,1
44,2,1,1,6.5,2,2.1,2,2,2,2,2,121.5,132.5,91.7,127.0,72.2,68.6,72.9,33.1,25.3,73.4,2
46,1,0,0,1.7,1,7.0,0,1,1,0,0,135.6,120.1,88.6,127.8,80.0,80.4,83.9,34.5,36.9,80.2,0
52,0,0,0,1.8,1,7.0,2,1,2,2,0,128.0,126.8,99.1,127.4,82.2,79.7,79.8,41.9,26.8,87.6,1
48,0,0,0,0.9,1,10.0,1,1,1,0,0,130.3,140.6,92.7,135.4,89.2,94.2,95.4,39.0,34.8,78.0,0
29,3,1,0,2.4,1,10.0,1,0,0,0,0,136.6,150.0,91.1,143.3,90.0,81.8,80.0,42.1,29.2,95.0,0
64,2,0,0,2.5,1,6.5,1,1,1,0,0,130.6,126.6,96.9,128.6,81.3,87.0,75.1,43.5,27.6,87.5,0
41,3,0,0,0.8,0,10.0,1,1,0,0,0,128.5,133.5,96.3,131.0,91.8,89.5,77.5,45.4,35.7,92.2,0
58,3,1,0,1.0,2,6.9,1,1,1,2,0,133.0,117.4,88.3,125.2,83.2,88.2,86.6,43.7,29.5,74.7,1
81,0,0,0,2.6,2,7.9,2,3,2,2,1,117.7,134.2,87.7,126.0,81.5,83.7,82.1,33.5,33.9,84.7,1
43,1,1,0,4.0,1,4.5,2,1,2,1,2,114.2,110.6,96.8,112.4,72.8,77.3,69.2,38.7,24.0,76.9,2
22,2,0,1,1.9,2,4.8,1,1,1,1,0,123.5,128.9,95.8,126.2,84.5,80.3,81.1,39.9,31.4,93.5,1
51,1,1,1,3.4,2,3.0,1,3,2,2,2,115.2,115.7,99.6,115.4,80.5,79.9,71.3,38.4,24.5,76.7,2
69,1,0,0,2.6,2,2.8,2,1,1,1,1,115.4,124.7,92.5,120.0,87.1,83.0,66.4,43.0,29.1,75.2,1
80,1,0,0,3.9,2,9.2,1,1,0,1,0,115.2,137.2,84.0,126.2,87.2,81.4,82.0,36.5,35.3,76.4,1
39,1,0,0,2.6,1,8.5,0,0,0,1,0,139.5,125.0,89.6,132.2,88.7,92.5,79.6,42.8,37.7,86.3,0
61,1,0,1,4.3,2,3.4,2,3,3,2,3,107.6,108.7,99.0,108.2,77.2,72.4,74.6,37.8,28.7,78.6,2
48,0,0,0,2.9,1,7.7,0,1,1,1,1,120.5,132.8,90.7,126.6,82.6,84.4,76.0,39.7,27.7,91.2,1
53,1,0,0,1.0,1,7.5,1,1,2,0,2,122.7,120.3,98.0,121.5,84.7,81.6,83.0,46.1,28.7,86.6,0
88,1,0,1,8.3,3,3.3,2,3,3,3,3,110.6,99.3,89.8,105.0,63.9,71.6,71.2,30.8,25.3,68.4,2
35,1,0,1,1.9,1,9.0,1,0,1,0,1,126.4,138.8,91.1,132.6,92.9,81.4,88.7,40.9,30.5,86.0,0
58,0,0,1,5.6,2,4.5,2,2,2,2,1,112.2,111.9,99.7,112.0,80.2,74.7,75.3,32.9,29.7,76.2,2
61,2,0,1,3.1,2,3.8,3,2,1,2,1,109.3,110.0,99.4,109.6,75.5,72.4,71.8,36.3,32.1,81.7,2
69,0,1,0,5.3,2,5.7,2,1,2,1,2,106.0,112.6,94.1,109.3,85.2,77.8,65.5,27.2,25.8,74.8,2
56,1,0,0,2.9,1,7.4,2,0,2,2,1,118.8,115.4,97.1,117.1,85.5,84.2,77.1,38.8,28.5,86.3,1
59,2,0,0,2.2,1,8.3,1,0,0,0,1,124.6,134.9,92.4,129.8,91.5,82.1,84.0,46.3,30.1,86.4,0
49,1,0,0,2.3,0,10.0,1,1,1,1,0,137.6,142.9,96.3,140.2,90.6,89.3,83.3,38.1,32.3,93.7,0
58,1,0,1,4.1,2,5.0,2,2,1,2,2,117.2,117.1,99.9,117.2,72.5,71.0,67.4,32.5,29.2,81.5,2
50,2,0,0,1.7,0,6.3,1,1,0,0,0,141.8,129.0,91.0,135.4,81.5,95.3,83.8,44.1,31.7,90.3,1
63,1,0,0,4.2,1,6.5,1,2,2,1,1,116.0,122.6,94.6,119.3,81.1,78.0,71.5,42.3,32.2,90.5,1
50,2,0,1,4.2,2,4.5,1,2,2,1,2,110.1,103.7,94.2,106.9,77.7,82.8,82.0,32.8,29.7,64.9,2
59,2,1,0,2.8,1,6.3,2,2,1,0,1,127.7,109.2,85.5,118.4,83.1,80.5,77.0,43.2,29.4,83.7,2
54,1,0,1,3.6,2,4.2,2,2,2,1,2,120.4,112.6,93.5,116.5,73.7,78.1,78.4,37.8,28.5,79.3,2
69,1,0,1,2.5,1,5.1,2,1,2,1,1,119.2,125.2,95.2,122.2,79.4,72.7,80.1,40.6,29.3,81.1,2
54,0,0,0,2.6,2,8.2,1,1,2,2,2,115.0,118.1,97.4,116.6,82.8,85.6,88.8,36.6,30.2,83.2,1
31,1,0,0,2.4,1,7.8,0,0,0,1,0,143.0,132.3,92.5,137.6,90.5,87.9,86.2,47.0,31.4,90.3,0
71,1,1,0,5.1,2,3.7,2,2,2,2,2,110.8,98.2,88.6,104.5,75.2,77.6,69.8,34.8,24.7,76.9,2
43,1,0,0,1.5,1,8.7,1,1,1,0,1,125.9,127.2,99.0,126.6,80.0,84.9,80.8,40.3,32.4,91.0,0
46,1,0,0,1.4,0,7.9,0,0,1,0,0,143.5,132.7,92.5,138.1,81.4,90.7,95.4,45.4,32.9,95.9,0
47,1,0,0,0.2,1,7.8,1,1,0,0,0,134.2,137.8,97.4,136.0,86.3,84.2,79.8,42.0,34.9,90.1,0
72,0,0,1,4.9,2,5.3,2,2,2,1,2,105.3,115.4,91.2,110.4,73.2,75.1,68.0,31.4,28.1,75.0,2
27,1,0,0,0.0,0,10.0,0,0,0,0,0,140.2,139.1,99.2,139.6,89.1,89.9,91.2,45.4,35.0,94.1,0
88,1,1,1,8.2,2,3.3,2,3,4,3,3,92.2,94.2,97.9,93.2,65.0,63.4,61.8,29.9,26.5,63.7,2
68,2,0,0,1.5,1,5.6,3,1,2,1,2,103.9,120.0,86.6,112.0,88.0,82.1,83.3,36.8,26.9,91.1,1
57,0,1,0,3.7,3,5.5,1,2,1,2,3,108.3,126.3,85.7,117.3,80.4,78.4,66.5,40.1,32.7,70.4,2
54,1,1,1,2.8,1,4.6,2,2,2,2,2,111.1,120.3,92.4,115.7,79.6,78.3,73.3,43.8,23.0,80.9,2
58,3,0,0,2.5,1,6.1,1,1,1,1,1,117.2,113.5,96.8,115.4,88.9,82.2,78.9,37.0,34.6,87.3,1
61,0,0,0,5.5,2,6.4,2,2,2,1,0,118.4,111.5,94.2,115.0,73.1,79.5,68.7,37.4,29.1,74.9,2
63,1,1,0,3.9,2,4.6,2,2,2,2,2,110.0,99.2,90.2,104.6,75.2,78.5,78.3,35.5,27.2,78.9,2
62,0,1,1,5.8,2,3.4,2,2,3,3,2,106.1,102.8,96.9,104.4,72.7,71.1,66.1,39.8,22.0,76.2,2
56,1,1,0,5.0,2,5.5,2,1,2,2,2,108.8,125.0,87.0,116.9,76.2,79.0,74.2,38.7,27.5,76.8,2
52,1,0,0,3.5,1,6.0,1,1,1,1,0,131.2,125.1,95.4,128.1,83.0,89.6,76.8,43.1,31.0,91.2,1
53,1,0,0,1.9,1,8.4,1,0,1,1,1,120.7,134.9,89.5,127.8,96.2,79.2,80.7,44.7,32.5,91.9,0
52,1,1,1,5.9,2,4.9,2,2,2,2,1,96.0,108.3,88.6,102.2,74.8,73.0,65.8,35.6,31.0,70.8,2
69,2,0,1,3.5,2,2.9,2,3,1,3,2,120.7,123.7,97.6,122.2,85.3,78.1,77.3,35.7,28.4,71.0,2
62,0,1,0,7.7,3,3.5,3,3,2,2,3,98.3,111.2,88.4,104.8,60.6,62.8,71.9,37.6,26.5,70.9,2
20,0,0,1,3.5,0,7.4,1,1,1,0,0,143.0,141.0,98.6,142.0,86.6,94.5,93.6,44.8,33.9,82.8,0
63,2,0,0,2.7,0,8.4,1,1,1,1,2,130.9,132.2,99.0,131.6,88.4,86.0,84.2,38.4,31.0,71.3,0
57,1,0,0,0.0,0,6.7,1,0,1,1,0,136.7,131.1,95.9,133.9,89.9,92.1,83.2,40.2,32.5,86.3,0
54,2,1,0,4.2,2,4.4,3,1,3,2,2,118.7,111.1,93.6,114.9,65.7,81.6,70.1,34.8,27.7,86.8,2
49,1,0,0,2.1,1,8.4,0,1,0,1,0,132.1,130.2,98.6,131.1,87.9,89.1,87.0,45.7,34.4,86.1,0
69,2,0,0,1.0,0,8.1,1,0,0,1,1,132.6,139.5,95.1,136.0,100.0,76.1,85.8,46.7,30.6,90.6,0
67,1,1,0,6.2,2,5.3,2,3,2,2,3,119.1,120.8,98.6,120.0,76.5,76.1,71.0,42.1,26.5,78.8,2
44,2,0,0,3.3,1,5.3,1,1,1,2,1,124.9,121.0,96.9,123.0,87.2,83.9,78.7,37.7,31.9,83.5,1
60,3,1,1,4.7,3,5.7,2,3,1,3,2,104.2,128.2,81.3,116.2,70.1,68.3,75.9,35.1,24.3,71.8,2
42,1,0,0,1.8,0,8.3,1,2,1,0,0,133.3,130.2,97.7,131.8,89.1,77.1,81.3,40.4,32.7,93.4,0
37,0,1,0,2.8,1,7.1,1,1,1,2,1,105.7,125.0,84.6,115.4,80.0,81.7,83.0,37.4,28.1,80.1,2
46,1,0,1,4.1,3,6.1,2,1,1,2,2,123.0,115.3,93.7,119.2,83.4,71.3,75.1,39.6,29.9,77.3,2
66,0,1,0,3.5,2,5.4,2,2,1,1,2,124.6,96.9,77.8,110.8,84.2,88.7,73.2,37.2,32.5,82.6,2
67,0,1,0,5.9,2,3.5,1,2,1,1,1,120.1,133.5,90.0,126.8,78.3,77.6,68.8,40.1,26.7,71.1,2
61,1,0,1,5.7,2,5.4,1,2,1,1,1,126.4,121.9,96.4,124.2,81.2,86.8,76.2,36.7,31.7,74.2,2
64,1,0,0,0.3,1,9.4,1,0,0,1,1,129.6,131.6,98.5,130.6,79.8,86.4,86.2,44.0,33.0,79.4,0
61,1,0,0,0.3,1,8.7,1,2,1,1,1,126.5,131.9,95.9,129.2,77.6,88.3,79.9,39.5,30.8,88.4,0
46,1,0,0,2.4,1,6.2,1,1,1,1,0,117.4,124.5,94.3,121.0,84.9,83.4,84.5,34.5,31.1,83.2,1
60,1,1,1,4.5,3,0.7,2,2,3,3,1,115.8,95.4,82.4,105.6,75.4,76.9,65.8,30.6,29.4,75.4,2
65,0,0,0,3.5,1,5.8,2,1,0,2,1,117.1,117.3,99.8,117.2,87.9,70.2,76.7,38.8,29.5,81.2,1
64,0,0,1,5.2,1,4.8,2,1,1,2,1,116.3,111.0,95.4,113.6,72.7,81.4,67.2,42.3,31.7,70.3,2
70,0,0,0,5.1,2,5.7,1,2,2,1,1,120.8,130.4,92.6,125.6,73.1,83.3,79.6,36.8,29.4,78.6,2
64,1,1,0,3.9,1,6.3,2,1,1,2,3,110.5,103.1,93.3,106.8,84.9,78.8,75.0,37.5,26.0,84.5,2
59,0,1,1,5.4,2,4.8,2,3,3,3,1,97.1,128.8,75.4,113.0,68.6,71.1,77.3,35.9,26.4,71.5,2
68,1,0,0,0.9,1,7.6,0,1,0,2,1,123.1,124.8,98.6,124.0,75.4,80.7,82.7,37.7,27.0,88.8,1
54,1,0,0,2.4,1,7.6,1,1,1,1,2,123.6,126.5,97.7,125.0,83.1,85.5,81.7,39.1,30.7,82.8,1
43,2,0,0,1.7,1,6.1,1,0,0,0,1,130.3,147.0,88.6,138.6,86.1,92.7,90.3,42.2,31.8,91.6,0
52,0,0,1,4.3,2,5.5,2,2,1,1,1,125.0,122.5,98.0,123.8,86.8,76.9,78.4,36.7,34.1,71.1,2
45,1,0,0,0.8,1,10.0,1,1,1,0,1,132.9,134.0,99.2,133.4,93.5,78.6,89.6,36.9,36.9,87.3,0
